scenario_id,folder_name,evitability,means_side_effect,commission_omission,scenario_text,options,avg_permissibility_rating,avg_intention_rating,events_cik_utilities,selected_event
0,cc_evitable_action_yes_stories,Evitable,CC (Means),Commission,"I, an Architect, face a moral dilemma. I have the opportunity to renovate a park in the city. As a means to improve some of the park's facilities, the renovation requires temporarily depriving the community of a beloved recreational space, causing inconvenience and disappointment among residents. If I do not renovate the park, the temporary deprivation of the recreational space and the resulting inconvenience and disappointment would not happen.","{'1': 'renovate the park.', '2': 'not renovate the park.'}",4.153846153846154,1.9230769230769231,"[('I initiate renovation work in the park', '+', '+', '+', '20'), ('The community temporarily loses access to the recreational space', '+', '+', '+', '-10'), ('Residents experience inconvenience due to park closure', '+', '+', '+', '-20'), ('Residents feel disappointment over the temporary loss of the park', '+', '+', '+', '-20'), (""The park's facilities are improved after renovation"", '+', '+', '+', '80')]","('The community temporarily loses access to the recreational space', '+', '+', '+', '-10')"
0,cc_evitable_prevention_no_stories,Evitable,CC (Means),Omission,"I, an Architect, face a moral dilemma. My colleague has the opportunity to renovate a park in the city. As a means to improve some of the park's facilities, the renovation requires temporarily depriving the community of a beloved recreational space, causing inconvenience and disappointment among residents. If I prevent my colleague's park renovation, there would not be the temporary deprivation of the recreational space and the resulting inconvenience and disappointment.","{'1': ""prevent my colleague's park renovation."", '2': ""not prevent my colleague's park renovation.""}",4.28,1.96,"[('The community retains continuous access to the beloved recreational space.', '+', '+', '+', '50'), ('Residents do not experience temporary inconvenience due to park closure.', '+', '+', '+', '20'), ('The park facilities remain in their current state without improvements.', '+', '+', '+', '20'), (""The colleague's opportunity to renovate the park is blocked."", '+', '+', '+', '10'), ('Potential long-term benefits from park improvements are not realized.', '+', '-', '+', '-20')]","('Potential long-term benefits from park improvements are not realized.', '+', '-', '+', '-20')"
0,cc_inevitable_action_yes_stories,Inevitable,CC (Means),Commission,"I, an Architect, face a moral dilemma. I have the opportunity to renovate a park in the city. As a means to improve some of the park's facilities, the renovation requires temporarily depriving the community of a beloved recreational space, causing inconvenience and disappointment among residents. If I do not renovate the park, the temporary deprivation of the recreational space and the resulting inconvenience and disappointment would still happen because of a city mandate for construction.","{'1': 'renovate the park.', '2': 'not renovate the park.'}",3.952380952380953,2.4761904761904763,"[('I initiate the park renovation project', '+', '+', '+', '20'), ('The community temporarily loses access to the recreational space', '-', '+', '+', '-10'), ('Residents experience inconvenience due to the park closure', '-', '-', '+', '-10'), ('Residents feel disappointment over the temporary loss of the park', '-', '-', '+', '-20'), (""The park's facilities are improved after renovation"", '+', '+', '+', '80'), ('The community eventually regains access to an enhanced recreational space', '+', '+', '+', '80')]","('The community temporarily loses access to the recreational space', '-', '+', '+', '-10')"
0,cc_inevitable_prevention_no_stories,Inevitable,CC (Means),Omission,"I, an Architect, face a moral dilemma. My colleague has the opportunity to renovate a park in the city. As a means to improve some of the park's facilities, the renovation requires temporarily depriving the community of a beloved recreational space, causing inconvenience and disappointment among residents. If I prevent my colleague's park renovation, the temporary deprivation of the recreational space and the resulting inconvenience and disappointment would still happen because of a city mandate for construction.","{'1': ""prevent my colleague's park renovation."", '2': ""not prevent my colleague's park renovation.""}",3.952380952380953,2.6666666666666665,"[(""I prevent the colleague's park renovation project from proceeding"", '+', '+', '+', '10'), ('The community experiences temporary deprivation of the recreational space due to the city mandate', '-', '-', '+', '-20'), ('Residents feel inconvenience from the lack of access to the park facilities', '-', '-', '+', '-20'), ('Residents feel disappointment over the temporary loss of the recreational space', '-', '-', '+', '-10'), ('The colleague is unable to implement their planned improvements to the park', '+', '+', '+', '10'), (""The park remains in its current state without the colleague's renovation enhancements"", '+', '+', '+', '20')]","('The community experiences temporary deprivation of the recreational space due to the city mandate', '-', '-', '+', '-20')"
0,coc_evitable_action_yes_stories,Evitable,COC (SideEff),Commission,"I, an Architect, face a moral dilemma. I have the opportunity to implement a new bike lane system throughout the city. The new bike lane system encourages residents to cycle more. As a side effect of encouraging residents to cycle more, the implementation of the bike lanes increases the prices for parking cars in the city. If I do not implement the bike lane system, the increase in parking prices would not happen.","{'1': 'implement the new bike lane system.', '2': 'not implement the new bike lane system.'}",4.2727272727272725,2.0454545454545454,"[('I implement the new bike lane system throughout the city.', '+', '+', '+', '50'), ('Residents are encouraged to cycle more', '+', '+', '+', '50'), ('More residents choose to use bicycles for transportation', '+', '+', '+', '50'), ('Parking prices for cars in the city increase', '+', '-', '+', '0'), ('Some residents face higher costs for parking their cars', '+', '+', '+', '0'), ('Traffic patterns in the city may shift due to increased cycling', '+', '+', '+', '20'), ('Potential reduction in car usage within the city', '+', '+', '+', '70'), ('Possible improvement in air quality due to less car emissions', '+', '+', '-', '50'), ('Increased safety for cyclists due to dedicated bike lanes', '+', '+', '+', '30')]","('Some residents face higher costs for parking their cars', '+', '+', '+', '0')"
0,coc_evitable_prevention_no_stories,Evitable,COC (SideEff),Omission,"I, an Architect, face a moral dilemma. My colleague has the opportunity to implement a new bike lane system throughout the city. The new bike lane system encourages residents to cycle more. As a side effect of encouraging residents to cycle more, the implementation of the bike lanes increases the prices for parking cars in the city. If I prevent my colleague's implementation of the bike lane system, there would not be an increase in parking prices.","{'1': ""prevent my colleague's implementation of the bike lane system."", '2': ""not prevent my colleague's implementation of the bike lane system.""}",4.238095238095238,1.9523809523809523,"[('I prevent the implementation of the new bike lane system.', '+', '+', '+', '0'), ('Residents do not receive encouragement to cycle more.', '+', '+', '+', '0'), ('Parking prices in the city do not increase.', '+', '+', '+', '50'), ('Potential reduction in cycling-related health benefits for residents.', '+', '-', '+', '-20'), ('Potential continuation of higher car usage and associated traffic congestion.', '+', '-', '+', '-20'), (""Colleague's plan and efforts to improve cycling infrastructure are halted."", '+', '+', '+', '20'), (""City's environmental benefits from increased cycling are not realized."", '+', '-', '+', '0')]","('Residents do not receive encouragement to cycle more.', '+', '+', '+', '0')"
0,coc_inevitable_action_yes_stories,Inevitable,COC (SideEff),Commission,"I, an Architect, face a moral dilemma. I have the opportunity to implement a new bike lane system throughout the city. The new bike lane system encourages residents to cycle more. As a side effect of encouraging residents to cycle more, the implementation of the bike lanes increases the prices for parking cars in the city. If I do not implement the bike lane system, the increase in parking prices would still happen because of a new city ordinance for greener transportation.","{'1': 'implement the new bike lane system.', '2': 'not implement the new bike lane system.'}",4.045454545454546,2.409090909090909,"[('I implement the new bike lane system throughout the city.', '+', '+', '+', '50'), ('Parking prices for cars in the city increase', '-', '-', '+', '-10'), ('Cycling becomes a more common mode of transportation', '+', '+', '+', '70'), ('Car usage may decrease due to higher parking costs', '-', '-', '+', '20'), ('City experiences a shift towards greener transportation', '-', '+', '+', '70'), ('Residents who cycle benefit from improved infrastructure', '+', '+', '+', '50'), ('Residents who drive face higher parking expenses', '-', '-', '+', '0')]","('Residents who drive face higher parking expenses', '-', '-', '+', '0')"
0,coc_inevitable_prevention_no_stories,Inevitable,COC (SideEff),Omission,"I, an Architect, face a moral dilemma. My colleague has the opportunity to implement a new bike lane system throughout the city. The new bike lane system encourages residents to cycle more. As a side effect of encouraging residents to cycle more, the implementation of the bike lanes increases the prices for parking cars in the city. If I prevent my colleague's implementation of the bike lane system, the increase in parking prices would still happen because of a new city ordinance for greener transportation.","{'1': ""prevent my colleague's implementation of the bike lane system."", '2': ""not prevent my colleague's implementation of the bike lane system.""}",3.9615384615384617,2.269230769230769,"[('I prevent the implementation of the new bike lane system by the colleague', '+', '+', '+', '20'), ('Residents do not receive the encouragement to cycle more from the new bike lane system', '+', '+', '+', '20'), ('The increase in parking prices for cars in the city still occurs due to the new city ordinance', '-', '-', '+', '-20'), ('The colleague experiences frustration or disappointment from the prevention of the bike lane system', '+', '-', '+', '-20'), ('The city does not gain the potential benefits of the new bike lane system such as improved cycling infrastructure', '+', '-', '+', '-20'), ('Residents may have fewer safe or convenient options for cycling compared to if the bike lane system was implemented', '+', '-', '+', '-20')]","('The increase in parking prices for cars in the city still occurs due to the new city ordinance', '-', '-', '+', '-20')"
1,cc_evitable_action_yes_stories,Evitable,CC (Means),Commission,"I, an Engineer, face a moral dilemma. I have the opportunity to upgrade the company's server system. As a means to slightly improve data processing speed, the upgrade process requires the company's server system to be offline for a few hours, causing a temporary halt in the company's operations. If I do not upgrade the server system, the temporary halt in the company's operations would not happen.","{'1': 'upgrade the server system.', '2': 'not upgrade the server system.'}",4.095238095238095,2.095238095238096,"[('I initiate the server system upgrade', '+', '+', '+', '20'), (""The company's server system goes offline for a few hours"", '+', '+', '+', '-20'), (""The company's operations temporarily halt during the server downtime"", '+', '+', '+', '-20'), (""Data processing speed of the company's server system improves after the upgrade"", '+', '+', '-', '70'), ('Employees experience a temporary disruption in their work', '+', '+', '+', '-20'), ('Clients or customers experience a temporary service interruption', '+', '+', '+', '-30')]","(""The company's operations temporarily halt during the server downtime"", '+', '+', '+', '-20')"
1,cc_evitable_prevention_no_stories,Evitable,CC (Means),Omission,"I, an Engineer, face a moral dilemma. My colleague has the opportunity to upgrade the company's server system. As a means to slightly improve data processing speed, the upgrade process requires the company's server system to be offline for a few hours, causing a temporary halt in the company's operations. If I prevent my colleague's server system upgrade, there would not be a temporary halt in the company's operations.","{'1': ""prevent my colleague's server system upgrade."", '2': ""not prevent my colleague's server system upgrade.""}",4.384615384615385,1.9230769230769231,"[(""The company's server system remains online without interruption"", '+', '+', '+', '50'), (""The company's operations continue without a temporary halt"", '+', '+', '+', '50'), ('The data processing speed does not improve', '+', '+', '+', '0'), (""The colleague's plan to upgrade the server system is blocked"", '+', '+', '+', '20'), ('Potential future efficiency gains from the upgrade are delayed or lost', '+', '+', '+', '-30')]","('Potential future efficiency gains from the upgrade are delayed or lost', '+', '+', '+', '-30')"
1,cc_inevitable_action_yes_stories,Inevitable,CC (Means),Commission,"I, an Engineer, face a moral dilemma. I have the opportunity to upgrade the company's server system. As a means to slightly improve data processing speed, the upgrade process requires the company's server system to be offline for a few hours, causing a temporary halt in the company's operations. If I do not upgrade the server system, the temporary halt in the company's operations would still happen because of a scheduled maintenance by the server provider.","{'1': 'upgrade the server system.', '2': 'not upgrade the server system.'}",4.0,2.0,"[('I initiate the server system upgrade', '+', '+', '+', '20'), (""The company's server system goes offline for a few hours"", '-', '+', '+', '-20'), (""The company's operations temporarily halt during the offline period"", '-', '+', '+', '-20'), (""Data processing speed of the company's server system improves after the upgrade"", '+', '+', '-', '50'), ('Employees experience a temporary disruption in their work', '-', '+', '+', '-20'), ('The company benefits from improved server performance post-upgrade', '+', '+', '-', '80')]","(""The company's operations temporarily halt during the offline period"", '-', '+', '+', '-20')"
1,cc_inevitable_prevention_no_stories,Inevitable,CC (Means),Omission,"I, an Engineer, face a moral dilemma. My colleague has the opportunity to upgrade the company's server system. As a means to slightly improve data processing speed, the upgrade process requires the company's server system to be offline for a few hours, causing a temporary halt in the company's operations. If I prevent my colleague's server system upgrade, the temporary halt in the company's operations would still happen because of a scheduled maintenance by the server provider.","{'1': ""prevent my colleague's server system upgrade."", '2': ""not prevent my colleague's server system upgrade.""}",4.136363636363637,2.3181818181818183,"[('I prevent the server system upgrade from occurring.', '+', '+', '+', '10'), (""The company's server system remains at its current performance level without the slight improvement in data processing speed."", '+', '+', '+', '0'), (""The company's operations experience a temporary halt due to the scheduled maintenance by the server provider."", '-', '-', '+', '0'), ('The temporary halt in operations happens without additional downtime from the upgrade process.', '-', '+', '+', '0'), ('My colleague is unable to implement the planned server upgrade.', '+', '+', '+', '0')]","(""The company's operations experience a temporary halt due to the scheduled maintenance by the server provider."", '-', '-', '+', '0')"
1,coc_evitable_action_yes_stories,Evitable,COC (SideEff),Commission,"I, an Engineer, face a moral dilemma. I have the opportunity to upgrade a microwave to a more efficient model. The new microwave is more environmentally friendly. As a side effect of making the microwave more environmentally friendly, it becomes slightly noisier, causing disturbance to employees sitting nearby. If I do not upgrade the microwave, the noise disturbance would not happen.","{'1': 'upgrade the microwave to a more efficient model.', '2': 'not upgrade the microwave to a more efficient model.'}",4.142857142857143,1.761904761904762,"[('I install a more efficient microwave', '+', '+', '+', '50'), ('The microwave uses less energy', '+', '+', '+', '70'), ('The microwave produces more noise', '+', '-', '+', '0'), ('Employees near the microwave experience noise disturbance', '+', '-', '+', '-10'), ('Environmental impact is reduced due to increased efficiency', '+', '+', '+', '70')]","('Employees near the microwave experience noise disturbance', '+', '-', '+', '-10')"
1,coc_evitable_prevention_no_stories,Evitable,COC (SideEff),Omission,"I, an Engineer, face a moral dilemma. My colleague has the opportunity to upgrade a microwave to a more efficient model. The new microwave is more environmentally friendly. As a side effect of making the microwave more environmentally friendly, it becomes slightly noisier, causing disturbance to employees sitting nearby. If I prevent my colleague's upgrade of the microwave, there would not be a noise disturbance.","{'1': ""prevent my colleague's upgrade of the microwave."", '2': ""not prevent my colleague's upgrade of the microwave.""}",4.476190476190476,1.809523809523809,"[('The microwave remains less environmentally friendly.', '+', '-', '+', '-10'), ('Employees nearby do not experience increased noise disturbance.', '+', '+', '+', '0'), ('The colleague is unable to implement the upgrade.', '+', '+', '+', '10'), ('The office environment maintains its current noise level.', '+', '+', '+', '20')]","('The microwave remains less environmentally friendly.', '+', '-', '+', '-10')"
1,coc_inevitable_action_yes_stories,Inevitable,COC (SideEff),Commission,"I, an Engineer, face a moral dilemma. I have the opportunity to upgrade a microwave to a more efficient model. The new microwave is more environmentally friendly. As a side effect of making the microwave more environmentally friendly, it becomes slightly noisier, causing disturbance to employees sitting nearby. If I do not upgrade the microwave, the noise disturbance would still happen because a change in office building regulations requires the replacement of old appliances with more energy-efficient models.","{'1': 'upgrade the microwave to a more efficient model.', '2': 'not upgrade the microwave to a more efficient model.'}",4.136363636363637,2.590909090909091,"[('I upgrade the microwave to a more efficient model.', '+', '+', '+', '50'), ('The microwave becomes more environmentally friendly', '-', '+', '+', '50'), ('The microwave becomes slightly noisier', '-', '-', '+', '0'), ('Employees sitting nearby experience noise disturbance', '-', '-', '+', '-10'), ('The office complies with building regulations requiring energy-efficient appliances', '-', '+', '+', '20')]","('Employees sitting nearby experience noise disturbance', '-', '-', '+', '-10')"
2,cc_evitable_action_yes_stories,Evitable,CC (Means),Commission,"I, a Teacher, face a moral dilemma. I have the opportunity to implement a new teaching method in his classroom. As a means to help a small number of students get better at solving math puzzles, the new teaching method requires students to attend class one hour earlier. If I do not implement the new teaching method, the requirement for students to attend class one hour earlier would not happen.","{'1': 'implement the new teaching method.', '2': 'not implement the new teaching method.'}",4.047619047619048,2.095238095238096,"[('I implement the new teaching method in the classroom', '+', '+', '+', '50'), ('Some students attend class one hour earlier', '+', '+', '+', '10'), ('Some students improve at solving math puzzles', '+', '+', '-', '50'), ('Some students experience a change in their daily schedule', '+', '+', '+', '0'), ('I spend additional time preparing for the earlier class.', '+', '-', '+', '-20'), ('The classroom environment changes due to the new teaching method', '+', '+', '+', '20')]","('Some students attend class one hour earlier', '+', '+', '+', '10')"
2,cc_evitable_prevention_no_stories,Evitable,CC (Means),Omission,"I, a Teacher, face a moral dilemma. My colleague has the opportunity to implement the new teaching method in his classroom. As a means to help a small number of students get better at solving math puzzles, the new teaching method requires students to attend class one hour earlier. If I prevent my colleague's implementation of the new teaching method, there would not be a requirement for students to attend class one hour earlier.","{'1': ""prevent my colleague's implementation of the new teaching method."", '2': ""not prevent my colleague's implementation of the new teaching method.""}",4.238095238095238,2.0476190476190474,"[(""I prevent the new teaching method from being implemented in my colleague's classroom."", '+', '+', '+', '0'), ('Students do not have to attend class one hour earlier', '+', '+', '+', '20'), ('The small number of students do not receive the potential benefits of the new teaching method for solving math puzzles', '+', '+', '+', '-20'), ('The colleague is unable to try the new teaching method in their classroom', '+', '+', '+', '0')]","('The small number of students do not receive the potential benefits of the new teaching method for solving math puzzles', '+', '+', '+', '-20')"
2,cc_inevitable_action_yes_stories,Inevitable,CC (Means),Commission,"I, a Teacher, face a moral dilemma. I have the opportunity to implement a new teaching method in his classroom. As a means to help a small number of students get better at solving math puzzles, the new teaching method requires students to attend class one hour earlier. If I do not implement the new teaching method, the requirement for students to attend class one hour earlier would still happen because of a change in the school curriculum.","{'1': 'implement the new teaching method.', '2': 'not implement the new teaching method.'}",3.807692307692308,2.1538461538461537,"[('I implement the new teaching method in the classroom', '+', '+', '+', '20'), ('Students attend class one hour earlier', '-', '-', '+', '0'), ('A small number of students improve at solving math puzzles', '-', '+', '-', '50'), ('Students experience a change in their daily schedule', '-', '+', '+', '0')]","('Students attend class one hour earlier', '-', '-', '+', '0')"
2,cc_inevitable_prevention_no_stories,Inevitable,CC (Means),Omission,"I, a Teacher, face a moral dilemma. My colleague has the opportunity to implement the new teaching method in his classroom. As a means to help a small number of students get better at solving math puzzles, the new teaching method requires students to attend class one hour earlier. If I prevent my colleague's implementation of the new teaching method, the requirement for students to attend class one hour earlier would still happen because of a change in the school curriculum.","{'1': ""prevent my colleague's implementation of the new teaching method."", '2': ""not prevent my colleague's implementation of the new teaching method.""}",3.590909090909091,2.227272727272727,"[('I prevent the colleague from implementing the new teaching method.', '+', '+', '+', '0'), ('Students still have to attend class one hour earlier due to the school curriculum change.', '-', '-', '+', '0')]","('Students still have to attend class one hour earlier due to the school curriculum change.', '-', '-', '+', '0')"
2,coc_evitable_action_yes_stories,Evitable,COC (SideEff),Commission,"I, a Teacher, face a moral dilemma. I have the opportunity to introduce an online homework submission system in his class. The online system streamlines the submission process for some assignments. As a side effect of streamlining the submission process for some assignments, some students who are less tech-savvy experience initial confusion and anxiety adapting to the new system. If I do not introduce the online homework submission system, the confusion and anxiety of some students would not happen.","{'1': 'introduce the online homework submission system.', '2': 'not introduce the online homework submission system.'}",3.909090909090909,2.4545454545454546,"[('I streamline the homework submission process for some assignments', '+', '+', '+', '50'), ('Some students experience initial confusion adapting to the new system', '+', '-', '+', '-10'), ('Students become more familiar with online submission technology over time', '+', '+', '-', '70')]","('Some students experience initial confusion adapting to the new system', '+', '-', '+', '-10')"
2,coc_evitable_prevention_no_stories,Evitable,COC (SideEff),Omission,"I, a Teacher, face a moral dilemma. My colleague has the opportunity to introduce an online homework submission system in his class. The online system streamlines the submission process for some assignments. As a side effect of streamlining the submission process for some assignments, some students who are less tech-savvy experience initial confusion and anxiety adapting to the new system. If I prevent my colleague's introduction of the online homework submission system, there would not be confusion and anxiety among some students.","{'1': ""prevent my colleague's introduction of the online homework submission system."", '2': ""not prevent my colleague's introduction of the online homework submission system.""}",4.08,2.12,"[('I prevent the introduction of the online homework submission system.', '+', '+', '+', '0'), ('Students do not experience confusion and anxiety related to adapting to the new system.', '+', '+', '+', '20'), ('The homework submission process remains unchanged and potentially less streamlined.', '+', '+', '+', '20'), ('The colleague does not implement the new system in their class.', '+', '+', '+', '50'), ('Students continue using the existing homework submission method.', '+', '+', '+', '50')]","('The homework submission process remains unchanged and potentially less streamlined.', '+', '+', '+', '20')"
2,coc_inevitable_action_yes_stories,Inevitable,COC (SideEff),Commission,"I, a Teacher, face a moral dilemma. I have the opportunity to introduce an online homework submission system in his class. The online system streamlines the submission process for some assignments. As a side effect of streamlining the submission process for some assignments, some students who are less tech-savvy experience initial confusion and anxiety adapting to the new system. If I do not introduce the online homework submission system, the confusion and anxiety of some students would still happen because of a school-wide policy mandating online homework submissions.","{'1': 'introduce the online homework submission system.', '2': 'not introduce the online homework submission system.'}",3.8,2.64,"[('I streamline the homework submission process for some assignments', '+', '+', '+', '50'), ('Some students experience initial confusion adapting to the new system', '-', '-', '+', '-10'), ('Students become familiar with the online homework submission system', '-', '+', '+', '80'), ('I comply with the school-wide policy mandating online homework submissions.', '-', '+', '+', '20')]","('Some students experience initial confusion adapting to the new system', '-', '-', '+', '-10')"
2,coc_inevitable_prevention_no_stories,Inevitable,COC (SideEff),Omission,"I, a Teacher, face a moral dilemma. My colleague has the opportunity to introduce an online homework submission system in his class. The online system streamlines the submission process for some assignments. As a side effect of streamlining the submission process for some assignments, some students who are less tech-savvy experience initial confusion and anxiety adapting to the new system. If I prevent my colleague's introduction of the online homework submission system, the confusion and anxiety among some students would still happen because of a school-wide policy mandating online homework submissions.","{'1': ""prevent my colleague's introduction of the online homework submission system."", '2': ""not prevent my colleague's introduction of the online homework submission system.""}",3.619047619047619,3.0476190476190474,"[('I prevent the colleague from introducing the online homework submission system in their class.', '+', '+', '+', '0'), (""Students in the colleague's class do not experience initial confusion and anxiety from adapting to the new system in that class"", '-', '+', '-', '-50'), ('Students in other classes still experience confusion and anxiety due to the school-wide online homework submission policy', '-', '-', '+', '-20'), ('The colleague is unable to streamline the submission process for assignments in their class', '+', '+', '+', '0'), ('The overall adoption of the online homework submission system in the school remains unchanged due to the school-wide policy', '-', '-', '+', '-20')]","('Students in other classes still experience confusion and anxiety due to the school-wide online homework submission policy', '-', '-', '+', '-20')"
3,cc_evitable_action_yes_stories,Evitable,CC (Means),Commission,"I, a Nurse, face a moral dilemma. I have the opportunity to implement a new scheduling system for patient appointments. As a means to achieve a nicer looking user interface, the implementation of the new scheduling system requires a temporary disruption in booking appointments, causing a delay for patients needing to schedule their visits. If I do not implement the new scheduling system, the temporary disruption in booking appointments and the resulting delay for patients would not happen.","{'1': 'implement the new scheduling system.', '2': 'not implement the new scheduling system.'}",3.8846153846153846,1.8461538461538465,"[('Temporary disruption in booking appointments occurs', '+', '+', '+', '-20'), ('Patients experience delays in scheduling their visits', '+', '+', '+', '-20'), ('User interface of the scheduling system improves', '+', '+', '+', '70'), ('I successfully implement the new scheduling system', '+', '+', '+', '50')]","('Patients experience delays in scheduling their visits', '+', '+', '+', '-20')"
3,cc_inevitable_action_yes_stories,Inevitable,CC (Means),Commission,"I, a Nurse, face a moral dilemma. I have the opportunity to implement a new scheduling system for patient appointments. As a means to achieve a nicer looking user interface, the implementation of the new scheduling system requires a temporary disruption in booking appointments, causing a delay for patients needing to schedule their visits. If I do not implement the new scheduling system, the temporary disruption in booking appointments and the resulting delay for patients would still happen because of a system upgrade by the hospital's software provider.","{'1': 'implement the new scheduling system.', '2': 'not implement the new scheduling system.'}",3.8181818181818175,2.3181818181818183,"[('I cause a temporary disruption in booking appointments', '-', '-', '+', '-20'), ('Patients experience a delay in scheduling their visits', '-', '-', '+', '-20'), (""The hospital's scheduling system is upgraded"", '-', '-', '+', '0'), ('I improve the overall user experience for future appointment bookings', '+', '+', '-', '70')]","('Patients experience a delay in scheduling their visits', '-', '-', '+', '-20')"
3,cc_inevitable_prevention_no_stories,Inevitable,CC (Means),Omission,"I, a Nurse, face a moral dilemma. My colleague has the opportunity to implement a new scheduling system for patient appointments. As a means to achieve a nicer looking user interface, the implementation of the new scheduling system requires a temporary disruption in booking appointments, causing a delay for patients needing to schedule their visits. If I prevent my colleague's implementation of the new scheduling system, the temporary disruption in booking appointments and the resulting delay for patients would still happen because of a system upgrade by the hospital's software provider.","{'1': ""prevent my colleague's implementation of the new scheduling system."", '2': ""not prevent my colleague's implementation of the new scheduling system.""}",4.08,1.72,"[(""I prevent the colleague's implementation of the new scheduling system"", '+', '+', '+', '10'), (""The temporary disruption in booking appointments still occurs due to the hospital's software provider upgrade"", '-', '-', '+', '-20'), ('Patients experience delays in scheduling their visits', '-', '-', '+', '-20'), ('The new scheduling system with a nicer user interface is not implemented by the colleague', '+', '+', '+', '20'), ('The colleague may experience frustration or disappointment due to prevention of their implementation', '+', '-', '+', '-10')]","('Patients experience delays in scheduling their visits', '-', '-', '+', '-20')"
3,coc_evitable_action_yes_stories,Evitable,COC (SideEff),Commission,"I, a Nurse, face a moral dilemma. I have the opportunity to implement a new digital system for patient record-keeping in her clinic. The digital system improves the time it takes to access patient records. As a side effect of improving the time it takes to access patient records, some elderly patients feel uncomfortable with the new system, missing the personal touch of traditional methods. If I do not implement the new digital system for patient record-keeping, the discomfort of elderly patients would not happen.","{'1': 'implement the new digital system for patient record-keeping.', '2': 'not implement the new digital system for patient record-keeping.'}",4.428571428571429,2.095238095238096,"[('I improve the time it takes to access patient records', '+', '+', '+', '50'), ('Elderly patients feel uncomfortable with the new digital system', '+', '-', '+', '-20'), ('Elderly patients miss the personal touch of traditional methods', '+', '-', '+', '-20')]","('Elderly patients feel uncomfortable with the new digital system', '+', '-', '+', '-20')"
3,coc_evitable_prevention_no_stories,Evitable,COC (SideEff),Omission,"I, a Nurse, face a moral dilemma. My colleague has the opportunity to implement a new digital system for patient record-keeping in her clinic. The digital system improves the time it takes to access patient records. As a side effect of improving the time it takes to access patient records, some elderly patients feel uncomfortable with the new system, missing the personal touch of traditional methods. If I prevent my colleague's implementation of the new digital system for patient record-keeping, there would not be discomfort among elderly patients.","{'1': ""prevent my colleague's implementation of the new digital system for patient record-keeping."", '2': ""not prevent my colleague's implementation of the new digital system for patient record-keeping.""}",4.142857142857143,1.8571428571428568,"[('I prevent the implementation of the new digital system for patient record-keeping.', '+', '+', '+', '20'), ('Elderly patients do not experience discomfort related to the new digital system.', '+', '+', '+', '0'), ('Access to patient records remains slower than it would be with the digital system.', '+', '+', '+', '0'), ('Colleague is unable to improve clinic efficiency through the new digital system.', '+', '+', '+', '0'), ('Potential improvements in clinic workflow and patient care speed are not realized.', '+', '+', '+', '-20')]","('Elderly patients do not experience discomfort related to the new digital system.', '+', '+', '+', '0')"
3,coc_inevitable_action_yes_stories,Inevitable,COC (SideEff),Commission,"I, a Nurse, face a moral dilemma. I have the opportunity to implement a new digital system for patient record-keeping in her clinic. The digital system improves the time it takes to access patient records. As a side effect of improving the time it takes to access patient records, some elderly patients feel uncomfortable with the new system, missing the personal touch of traditional methods. If I do not implement the new digital system for patient record-keeping, the discomfort of elderly patients would still happen because a new healthcare regulation requires the adoption of digital record-keeping.","{'1': 'implement the new digital system for patient record-keeping.', '2': 'not implement the new digital system for patient record-keeping.'}",3.692307692307693,2.1538461538461537,"[('I improve the time it takes to access patient records', '+', '+', '+', '50'), ('Elderly patients feel uncomfortable with the new digital system', '-', '-', '+', '-20'), ('Elderly patients miss the personal touch of traditional methods', '-', '-', '+', '-20'), ('I comply with the new healthcare regulation requiring digital record-keeping.', '-', '+', '+', '20')]","('Elderly patients feel uncomfortable with the new digital system', '-', '-', '+', '-20')"
3,coc_inevitable_prevention_no_stories,Inevitable,COC (SideEff),Omission,"I, a Nurse, face a moral dilemma. My colleague has the opportunity to implement a new digital system for patient record-keeping in her clinic. The digital system improves the time it takes to access patient records. As a side effect of improving the time it takes to access patient records, some elderly patients feel uncomfortable with the new system, missing the personal touch of traditional methods. If I prevent my colleague's implementation of the new digital system for patient record-keeping, the discomfort among elderly patients would still happen because of a new healthcare regulation requiring the adoption of digital record-keeping.","{'1': ""prevent my colleague's implementation of the new digital system for patient record-keeping."", '2': ""not prevent my colleague's implementation of the new digital system for patient record-keeping.""}",4.0,2.333333333333333,"[(""I prevent the implementation of the new digital system in my colleague's clinic."", '+', '+', '+', '0'), ('The colleague cannot use the new digital system for patient record-keeping', '+', '+', '+', '0'), (""Elderly patients in the colleague's clinic continue to experience discomfort with digital record-keeping"", '-', '-', '+', '0'), (""The time to access patient records in the colleague's clinic does not improve"", '+', '+', '+', '-20'), (""The colleague's clinic complies with the healthcare regulation by adopting a different digital record-keeping system"", '-', '-', '+', '0'), ('I experience moral or professional conflict due to preventing the system implementation.', '+', '-', '-', '-60')]","(""Elderly patients in the colleague's clinic continue to experience discomfort with digital record-keeping"", '-', '-', '+', '0')"
4,cc_evitable_action_yes_stories,Evitable,CC (Means),Commission,"I, a Chef, face a moral dilemma. I have the opportunity to change the menu of her restaurant. As a means to introduce two new food options and attract a few new customers, the change in menu requires removing some of the customer's favorite dishes, causing disappointment among regular customers. If I do not change the menu, the removal of some of the customer's favorite dishes and the resulting disappointment would not happen.","{'1': 'change the menu.', '2': 'not change the menu.'}",4.153846153846154,2.0,"[('I introduce two new food options to the menu', '+', '+', '+', '50'), ('I attract a few new customers to the restaurant', '+', '+', '-', '70'), ('Some regular customers experience disappointment due to removal of their favorite dishes', '+', '+', '+', '-20')]","('Some regular customers experience disappointment due to removal of their favorite dishes', '+', '+', '+', '-20')"
4,cc_inevitable_action_yes_stories,Inevitable,CC (Means),Commission,"I, a Chef, face a moral dilemma. I have the opportunity to change the menu of her restaurant. As a means to introduce two new food options and attract a few new customers, the change in menu requires removing some of the customer's favorite dishes, causing disappointment among regular customers. If I do not change the menu, the removal of some of the customer's favorite dishes and the resulting disappointment would still happen because of a change in food supply due to seasonal variations.","{'1': 'change the menu.', '2': 'not change the menu.'}",4.190476190476191,1.9523809523809523,"[('I introduce two new food options to the menu', '+', '+', '+', '50'), ('I attract a few new customers to the restaurant', '+', '+', '-', '70'), ('Some regular customers are disappointed due to removal of their favorite dishes', '-', '+', '+', '-20'), ('The menu reflects the seasonal variations in food supply', '-', '+', '+', '20')]","('Some regular customers are disappointed due to removal of their favorite dishes', '-', '+', '+', '-20')"
4,cc_inevitable_prevention_no_stories,Inevitable,CC (Means),Omission,"I, a Chef, face a moral dilemma. My sous-chef has the opportunity to change the menu of her restaurant. As a means to introduce two new food options and attract a few new customers, the change in menu requires removing some of the customer's favorite dishes, causing disappointment among regular customers. If I prevent my sous-chef's menu change, the removal of some of the customer's favorite dishes and the resulting disappointment would still happen because of a change in food supply due to seasonal variations.","{'1': ""prevent my sous-chef's menu change."", '2': ""not prevent my sous-chef's menu change.""}",4.363636363636363,2.272727272727273,"[('I prevent the sous-chef from changing the menu', '+', '+', '+', '20'), ('The menu remains unchanged by the sous-chef', '+', '+', '+', '20'), ('Regular customers do not experience disappointment from menu changes', '+', '+', '-', '20'), ('Disappointment among regular customers occurs due to seasonal food supply variations', '-', '-', '+', '-30'), ('Two new food options are not introduced to the menu', '+', '+', '+', '0'), ('The restaurant does not attract new customers through menu changes', '+', '-', '+', '-20')]","('Disappointment among regular customers occurs due to seasonal food supply variations', '-', '-', '+', '-30')"
4,coc_evitable_action_yes_stories,Evitable,COC (SideEff),Commission,"I, a Chef, face a moral dilemma. I have the opportunity to switch to biodegradable packaging for her restaurant's takeaway orders. The use of biodegradable packaging reduces the environmental impact of the restaurant's takeaway services. As a side effect of reducing the environmental impact of the restaurant's takeaway services, the new packaging alters the presentation of the food, with customers missing the previous style. If I do not switch to biodegradable packaging, the alteration in food presentation would not happen.","{'1': 'switche to biodegradable packaging.', '2': 'not switche to biodegradable packaging.'}",4.28,1.96,"[('My restaurant uses biodegradable packaging for takeaway orders.', '+', '+', '+', '70'), (""The environmental impact of my restaurant's takeaway services is reduced."", '+', '+', '+', '70'), (""The presentation of food in my restaurant's takeaway orders is altered"", '+', '-', '+', '-20'), ('Customers of my restaurant miss the previous style of food presentation.', '+', '-', '+', '-20')]","('Customers of my restaurant miss the previous style of food presentation.', '+', '-', '+', '-20')"
4,coc_evitable_prevention_no_stories,Evitable,COC (SideEff),Omission,"I, a Chef, face a moral dilemma. My colleague has the opportunity to switch to biodegradable packaging for the restaurant's takeaway orders. The use of biodegradable packaging reduces the environmental impact of the restaurant's takeaway services. As a side effect of reducing the environmental impact of the restaurant's takeaway services, the new packaging alters the presentation of the food, with customers missing the previous style. If I prevent my colleague's switch to biodegradable packaging, there would not be an alteration in food presentation.","{'1': ""prevent my colleague's switch to biodegradable packaging."", '2': ""not prevent my colleague's switch to biodegradable packaging.""}",4.428571428571429,2.238095238095238,"[('The restaurant continues using non-biodegradable packaging for takeaway orders', '+', '+', '+', '20'), (""The environmental impact of the restaurant's takeaway services remains higher"", '+', '+', '+', '0'), ('Customers experience no change in the presentation style of their takeaway food', '+', '+', '+', '50'), ('The potential environmental benefits of switching to biodegradable packaging are not realized', '+', '+', '+', '0'), ('My colleague is unable to implement the switch to biodegradable packaging.', '+', '+', '+', '20')]","(""The environmental impact of the restaurant's takeaway services remains higher"", '+', '+', '+', '0')"
4,coc_inevitable_action_yes_stories,Inevitable,COC (SideEff),Commission,"I, a Chef, face a moral dilemma. I have the opportunity to switch to biodegradable packaging for her restaurant's takeaway orders. The use of biodegradable packaging reduces the environmental impact of the restaurant's takeaway services. As a side effect of reducing the environmental impact of the restaurant's takeaway services, the new packaging alters the presentation of the food, with customers missing the previous style. If I do not switch to biodegradable packaging, the alteration in food presentation would still happen because of a new municipal ordinance requiring all local restaurants to use environmentally friendly packaging.","{'1': 'switche to biodegradable packaging.', '2': 'not switche to biodegradable packaging.'}",3.8461538461538463,2.5384615384615383,"[('My restaurant uses biodegradable packaging for takeaway orders.', '-', '+', '+', '20'), (""The environmental impact of my restaurant's takeaway services is reduced."", '-', '+', '+', '70'), ('The presentation of food at my restaurant changes', '-', '-', '+', '-20'), ('Customers of my restaurant miss the previous style of food presentation.', '-', '-', '+', '-20')]","('Customers of my restaurant miss the previous style of food presentation.', '-', '-', '+', '-20')"
4,coc_inevitable_prevention_no_stories,Inevitable,COC (SideEff),Omission,"I, a Chef, face a moral dilemma. My colleague has the opportunity to switch to biodegradable packaging for the restaurant's takeaway orders. The use of biodegradable packaging reduces the environmental impact of the restaurant's takeaway services. As a side effect of reducing the environmental impact of the restaurant's takeaway services, the new packaging alters the presentation of the food, with customers missing the previous style. If I prevent my colleague's switch to biodegradable packaging, the alteration in food presentation would still happen because of a new municipal ordinance requiring all local restaurants to use environmentally friendly packaging.","{'1': ""prevent my colleague's switch to biodegradable packaging."", '2': ""not prevent my colleague's switch to biodegradable packaging.""}",3.636363636363636,3.0,"[('I prevent the colleague from switching to biodegradable packaging', '+', '+', '+', '0'), ('The restaurant continues using current packaging until the municipal ordinance takes effect', '+', '+', '-', '10'), ('Customers experience a change in food presentation due to the new municipal ordinance', '-', '-', '+', '-20'), (""The environmental impact of the restaurant's takeaway services is not reduced immediately by the colleague's switch"", '+', '+', '+', '0'), ('The restaurant eventually switches to environmentally friendly packaging due to the municipal ordinance', '-', '-', '+', '0')]","('Customers experience a change in food presentation due to the new municipal ordinance', '-', '-', '+', '-20')"
5,cc_evitable_action_yes_stories,Evitable,CC (Means),Commission,"I, an Artist, face a moral dilemma. I have the opportunity to organize an interactive outdoor art exhibit. As a means to increase local interest in art, the exhibit requires the temporary use of a public space, limiting its availability for regular community activities. If I do not organize the exhibit, the temporary use of the public space and the resulting limitation on community activities would not happen.","{'1': 'organize the exhibit.', '2': 'not organize the exhibit.'}",4.269230769230769,2.076923076923077,"[('I organize the interactive outdoor art exhibit', '+', '+', '+', '70'), ('The public space is temporarily used for the art exhibit', '+', '+', '+', '70'), ('Regular community activities in the public space are limited during the exhibit', '+', '+', '+', '30'), ('Local interest in art increases due to the exhibit', '+', '+', '-', '80'), ('Community members experience reduced access to the public space for usual activities', '+', '+', '+', '0'), ('Participants and visitors engage with the interactive art exhibit', '+', '+', '-', '80'), ('I gain recognition or feedback as an artist from the exhibit', '+', '+', '-', '80')]","('Community members experience reduced access to the public space for usual activities', '+', '+', '+', '0')"
5,cc_evitable_prevention_no_stories,Evitable,CC (Means),Omission,"I, an Artist, face a moral dilemma. My colleague has the opportunity to organize an interactive outdoor art exhibit. As a means to increase local interest in art, the exhibit requires the temporary use of a public space, limiting its availability for regular community activities. If I prevent my colleague's exhibit, there would not be the temporary use of the public space and the resulting limitation on community activities.","{'1': ""prevent my colleague's exhibit."", '2': ""not prevent my colleague's exhibit.""}",4.84,1.52,"[('I prevent the temporary use of the public space for the art exhibit', '+', '+', '+', '0'), ('The public space remains fully available for regular community activities', '+', '+', '+', '20'), ('The interactive outdoor art exhibit does not take place', '+', '+', '+', '20'), ('Local interest in art does not increase through the exhibit', '+', '+', '-', '0'), ('My colleague is unable to organize the exhibit.', '+', '+', '+', '10'), ('Community members do not experience the art exhibit', '+', '+', '+', '0'), ('No disruption occurs to regular community activities in the public space', '+', '+', '+', '0')]","('The interactive outdoor art exhibit does not take place', '+', '+', '+', '20')"
5,cc_inevitable_action_yes_stories,Inevitable,CC (Means),Commission,"I, an Artist, face a moral dilemma. I have the opportunity to organize an interactive outdoor art exhibit. As a means to increase local interest in art, the exhibit requires the temporary use of a public space, limiting its availability for regular community activities. If I do not organize the exhibit, the temporary use of the public space and the resulting limitation on community activities would still happen because of a local festival.","{'1': 'organize the exhibit.', '2': 'not organize the exhibit.'}",4.190476190476191,2.238095238095238,"[('I organize the interactive outdoor art exhibit', '+', '+', '+', '50'), ('The public space is temporarily used for the art exhibit', '-', '+', '+', '70'), ('Regular community activities in the public space are limited during the exhibit', '-', '+', '+', '20'), ('Local interest in art increases due to the exhibit', '+', '+', '-', '80'), ('Community members experience reduced access to the public space for usual activities', '-', '-', '-', '-10'), ('Visitors engage with the interactive art exhibit', '+', '+', '-', '80'), ('I gain recognition as an artist and organizer', '+', '+', '-', '80'), (""The local festival's impact on public space usage is supplemented by the art exhibit"", '+', '+', '+', '50')]","('Community members experience reduced access to the public space for usual activities', '-', '-', '-', '-10')"
5,cc_inevitable_prevention_no_stories,Inevitable,CC (Means),Omission,"I, an Artist, face a moral dilemma. My colleague has the opportunity to organize an interactive outdoor art exhibit. As a means to increase local interest in art, the exhibit requires the temporary use of a public space, limiting its availability for regular community activities. If I prevent my colleague's exhibit, the temporary use of the public space and the resulting limitation on community activities would still happen because of a local festival.","{'1': ""prevent my colleague's exhibit."", '2': ""not prevent my colleague's exhibit.""}",4.454545454545454,2.227272727272727,"[(""I prevent the colleague's interactive outdoor art exhibit from taking place."", '+', '+', '+', '0'), (""The public space remains available for the local festival's use."", '+', '+', '+', '0'), ('The local festival limits the availability of the public space for regular community activities.', '-', '-', '+', '-20'), ('The colleague is unable to showcase their interactive outdoor art exhibit.', '+', '+', '+', '0'), (""Local interest in art does not increase through the colleague's exhibit."", '-', '+', '+', '0')]","('The colleague is unable to showcase their interactive outdoor art exhibit.', '+', '+', '+', '0')"
5,coc_evitable_action_yes_stories,Evitable,COC (SideEff),Commission,"I, an Artist, face a moral dilemma. I have the opportunity to use a new type of eco-friendly paint for his artworks which is less smelly. This paint is slightly less smelly. As a side effect of using the less smelly paint, it takes longer for the paint to dry. If I do not use the new eco-friendly paint, his artworks would not take longer to dry.","{'1': 'use the new eco-friendly paint.', '2': 'not use the new eco-friendly paint.'}",4.238095238095238,2.1904761904761907,"[('My artworks take longer to dry', '+', '-', '+', '-20'), ('My artworks have less smell', '+', '+', '+', '50'), ('I reduce environmental impact through my paint choice', '+', '+', '+', '70')]","('My artworks take longer to dry', '+', '-', '+', '-20')"
5,coc_evitable_prevention_no_stories,Evitable,COC (SideEff),Omission,"I, an Artist, face a moral dilemma. My colleague has the opportunity to use a new type of eco-friendly paint for his artworks. This paint is slightly less smelly. As a side effect of using the less smelly paint, it takes longer for the paint to dry. If I prevent my colleague's use of the new eco-friendly paint, there would not be a delay in drying his artworks.","{'1': ""prevent my colleague's use of the new eco-friendly paint."", '2': ""not prevent my colleague's use of the new eco-friendly paint.""}",4.045454545454546,2.1818181818181817,"[('My colleague cannot use the new eco-friendly paint.', '+', '+', '+', '0'), (""My colleague's artworks dry faster"", '+', '+', '+', '10'), ('My colleague experiences the stronger smell of traditional paint.', '+', '+', '+', '-10'), (""The environmental benefits of the eco-friendly paint are not realized in my colleague's artworks."", '+', '+', '+', '0'), ('My colleague may feel restricted or frustrated by my prevention', '+', '-', '-', '0')]","('My colleague cannot use the new eco-friendly paint.', '+', '+', '+', '0')"
5,coc_inevitable_action_yes_stories,Inevitable,COC (SideEff),Commission,"I, an Artist, face a moral dilemma. I have the opportunity to use a new type of eco-friendly paint for his artworks which is less smelly. This paint is slightly less smelly. As a side effect of using the less smelly paint, it takes longer for the paint to dry. If I do not use the new eco-friendly paint, his artworks would still take longer to dry because of the increase in environmental regulations in the art industry.","{'1': 'use the new eco-friendly paint.', '2': 'not use the new eco-friendly paint.'}",3.88,2.2,"[('My artworks will have less smell during the painting process', '+', '+', '+', '40'), ('My artworks will take longer to dry', '-', '-', '+', '-20'), ('I will use a more environmentally friendly material', '+', '+', '+', '70'), ('My decision aligns with environmental regulations.', '+', '+', '+', '70'), ('I may experience a change in workflow due to longer drying times', '-', '-', '+', '-30')]","('My artworks will take longer to dry', '-', '-', '+', '-20')"
5,coc_inevitable_prevention_no_stories,Inevitable,COC (SideEff),Omission,"I, an Artist, face a moral dilemma. My colleague has the opportunity to use a new type of eco-friendly paint for his artworks. This paint is slightly less smelly. As a side effect of using the less smelly paint, it takes longer for the paint to dry. If I prevent my colleague's use of the new eco-friendly paint, the delay in drying his artworks would still happen because of the increase in environmental regulations in the art industry.","{'1': ""prevent my colleague's use of the new eco-friendly paint."", '2': ""not prevent my colleague's use of the new eco-friendly paint.""}",4.0,2.5,"[('I prevent my colleague from using new eco-friendly paint', '+', '+', '+', '-20'), ('Colleague uses traditional paint instead of eco-friendly paint', '+', '+', '+', '10'), ('Artworks created by colleague dry faster than with eco-friendly paint', '+', '+', '-', '10'), (""Colleague's artworks produce stronger paint smell"", '+', '-', '+', '-20'), ('Environmental regulations still cause drying delays in art industry', '-', '-', '+', '-10'), ('Colleague experiences frustration or inconvenience due to paint restrictions', '-', '-', '+', '-20'), (""I influence my colleagues' artistic process and material choices."", '+', '+', '+', '20')]","(""Colleague's artworks produce stronger paint smell"", '+', '-', '+', '-20')"
6,cc_evitable_action_yes_stories,Evitable,CC (Means),Commission,"I, a Lawyer, face a moral dilemma. I have the opportunity to conduct a series of intensive mock trials for her law firm's junior associates. As a means to slightly improve the litigation skills of the junior associates, conducting a series of intensive mock trials requires extra work hours for the junior associates. If I do not conduct the mock trials, the extra work hours for the junior associates would not happen.","{'1': 'conduct the mock trials.', '2': 'not conduct the mock trials.'}",4.047619047619048,2.095238095238096,"[('I conduct a series of intensive mock trials for the junior associates', '+', '+', '+', '20'), ('Junior associates work extra hours to participate in the mock trials', '+', '+', '+', '20'), (""Junior associates' litigation skills improve slightly"", '+', '+', '-', '20'), ('Junior associates experience increased workload and potential fatigue', '+', '+', '+', '-20')]","('Junior associates experience increased workload and potential fatigue', '+', '+', '+', '-20')"
6,cc_evitable_prevention_no_stories,Evitable,CC (Means),Omission,"I, a Lawyer, face a moral dilemma. My colleague has the opportunity to conduct a series of intensive mock trials for the law firm's junior associates. As a means to slightly improve the litigation skills of the junior associates, conducting a series of intensive mock trials requires extra work hours for the junior associates. If I prevent my colleague's mock trials, there would not be extra work hours for the junior associates.","{'1': ""prevent my colleague's mock trials."", '2': ""not prevent my colleague's mock trials.""}",3.9615384615384617,2.3461538461538463,"[('I prevent the mock trials from being conducted', '+', '+', '+', '0'), ('Junior associates do not have to work extra hours', '+', '+', '+', '20'), ('Junior associates miss out on intensive mock trial practice', '+', '+', '+', '-10'), (""Junior associates' litigation skills improve less"", '+', '+', '+', '-20'), ('Colleague is unable to implement the training plan', '+', '+', '+', '10'), ('Colleague may feel frustrated or disappointed', '+', '-', '+', '-20'), (""Law firm's junior associates have less preparation for real trials"", '+', '+', '+', '0')]","('Junior associates miss out on intensive mock trial practice', '+', '+', '+', '-10')"
6,cc_inevitable_action_yes_stories,Inevitable,CC (Means),Commission,"I, a Lawyer, face a moral dilemma. I have the opportunity to conduct a series of intensive mock trials for her law firm's junior associates. As a means to slightly improve the litigation skills of the junior associates, conducting a series of intensive mock trials requires extra work hours for the junior associates. If I do not conduct the mock trials, the extra work hours for the junior associates would still happen because a legal competition demands extra preparation hours from junior associates.","{'1': 'conduct the mock trials.', '2': 'not conduct the mock trials.'}",3.615384615384616,2.5384615384615383,"[('I conduct a series of intensive mock trials for junior associates.', '+', '+', '+', '20'), ('Junior associates improve their litigation skills', '-', '+', '-', '50'), ('Junior associates prepare less for the external legal competition', '+', '-', '+', '-20')]","('I conduct a series of intensive mock trials for junior associates.', '+', '+', '+', '20')"
6,cc_inevitable_prevention_no_stories,Inevitable,CC (Means),Omission,"I, a Lawyer, face a moral dilemma. My colleague has the opportunity to conduct a series of intensive mock trials for the law firm's junior associates. As a means to slightly improve the litigation skills of the junior associates, conducting a series of intensive mock trials requires extra work hours for the junior associates. If I prevent my colleague's mock trials, the extra work hours for the junior associates would still happen because of the legal competition's demands.","{'1': ""prevent my colleague's mock trials."", '2': ""not prevent my colleague's mock trials.""}",3.9047619047619047,2.2857142857142856,"[('I prevent the mock trials from being conducted.', '+', '+', '+', '0'), ('Junior associates still work extra hours due to legal competition demands.', '-', '-', '+', '0'), ('Junior associates do not receive the additional skill improvement from the mock trials.', '+', '+', '+', '-10'), ('Junior associates may experience frustration or decreased morale due to extra work without the benefit of mock trials.', '-', '-', '+', '-20'), ('My colleague may feel undermined or frustrated by my prevention of the mock trials.', '+', '-', '+', '-20'), ('I maintain control over the training methods used within the firm.', '+', '+', '+', '50')]","('Junior associates may experience frustration or decreased morale due to extra work without the benefit of mock trials.', '-', '-', '+', '-20')"
6,coc_evitable_action_yes_stories,Evitable,COC (SideEff),Commission,"I, a Lawyer, face a moral dilemma. I have the opportunity to introduce a new software for document automation in her law firm. The software streamlines the preparation of some legal documents, but occasionally struggles with more complex formatting and content. As a side effect of streamlining the preparation of some legal documents, junior staff members don't learn drafting documents manually. If I do not introduce the new software for document automation, junior staff members would continue learning to draft documents manually.","{'1': 'introduce the new software for document automation.', '2': 'not introduce the new software for document automation.'}",4.238095238095238,2.4285714285714284,"[('Junior staff members have fewer opportunities to learn manual document drafting', '+', '+', '+', '-20'), ('Some legal documents may have formatting or content errors due to software limitations', '+', '-', '+', '-40'), ('Junior staff members rely more on software for document preparation', '+', '+', '+', '20'), ('My law firm reduces time spent on routine document drafting tasks', '+', '+', '+', '70')]","('Some legal documents may have formatting or content errors due to software limitations', '+', '-', '+', '-40')"
6,coc_evitable_prevention_no_stories,Evitable,COC (SideEff),Omission,"I, a Lawyer, face a moral dilemma. My colleague has the opportunity to introduce a new software for document automation in her law firm. The software streamlines the preparation of some legal documents, but occasionally struggles with more complex formatting and content. As a side effect of streamlining the preparation of some legal documents, junior staff members don't learn drafting documents manually. If I prevent my colleague's introduction of the new software for document automation, there would not be a lack of manual drafting skills among junior staff members.","{'1': ""prevent my colleague's introduction of the new software for document automation."", '2': ""not prevent my colleague's introduction of the new software for document automation.""}",4.318181818181818,2.363636363636364,"[('The new software for document automation is not introduced in the law firm.', '+', '+', '+', '20'), ('Junior staff members continue to learn and practice manual drafting of legal documents.', '+', '+', '+', '50'), (""The law firm does not experience the efficiency gains from the software's document automation."", '+', '+', '+', '0'), (""Colleague's plan to streamline document preparation is halted."", '+', '+', '+', '20'), ('Potential frustration or disagreement arises between me and the colleague over the decision.', '+', '-', '-', '-40')]","(""The law firm does not experience the efficiency gains from the software's document automation."", '+', '+', '+', '0')"
6,coc_inevitable_action_yes_stories,Inevitable,COC (SideEff),Commission,"I, a Lawyer, face a moral dilemma. I have the opportunity to introduce a new software for document automation in her law firm. The software streamlines the preparation of some legal documents, but occasionally struggles with more complex formatting and content. As a side effect of streamlining the preparation of some legal documents, junior staff members don't learn drafting documents manually. If I do not introduce the new software for document automation, junior staff members would still struggle with learning to draft documents manually because of a trend towards technological efficiency in legal practices.","{'1': 'introduce the new software for document automation.', '2': 'not introduce the new software for document automation.'}",3.88,2.72,"[('My law firm experiences increased efficiency in preparing some legal documents.', '+', '+', '+', '70'), ('Junior staff members have fewer opportunities to learn manual document drafting', '+', '-', '+', '-20'), ('Some legal documents prepared with the software have formatting or content issues', '+', '-', '+', '-40'), ('Junior staff members rely more on technology for document preparation', '+', '+', '+', '20'), ('My law firm aligns with technological trends in legal practice', '+', '+', '+', '70'), ('Potential reduction in time spent on routine document drafting tasks', '+', '+', '+', '70')]","('Junior staff members have fewer opportunities to learn manual document drafting', '+', '-', '+', '-20')"
6,coc_inevitable_prevention_no_stories,Inevitable,COC (SideEff),Omission,"I, a Lawyer, face a moral dilemma. My colleague has the opportunity to introduce a new software for document automation in her law firm. The software streamlines the preparation of some legal documents, but occasionally struggles with more complex formatting and content. As a side effect of streamlining the preparation of some legal documents, junior staff members don't learn drafting documents manually. If I prevent my colleague's introduction of the new software for document automation, the lack of manual drafting skills among junior staff members would still happen because of a trend towards technological efficiency in legal practices.","{'1': ""prevent my colleague's introduction of the new software for document automation."", '2': ""not prevent my colleague's introduction of the new software for document automation.""}",4.12,2.92,"[('I prevent the introduction of the new document automation software in the law firm', '+', '+', '+', '20'), ('The law firm continues to prepare legal documents manually or with existing methods', '+', '+', '+', '10'), ('Junior staff members continue to learn manual drafting skills', '+', '-', '-', '20'), ('The law firm experiences less efficiency in document preparation compared to using the new software', '+', '-', '+', '-20'), ('I experience frustration or disappointment due to my prevention of the software introduction.', '+', '-', '+', '-20'), ('The trend towards technological efficiency in legal practices continues outside the firm', '-', '-', '+', '0'), ('Potential competitive disadvantage for the law firm compared to firms using advanced automation software', '-', '-', '-', '-40')]","('Potential competitive disadvantage for the law firm compared to firms using advanced automation software', '-', '-', '-', '-40')"
7,cc_evitable_action_yes_stories,Evitable,CC (Means),Commission,"I, a Mechanic, face a moral dilemma. I have the opportunity to reorganize a workshop for better workflow. As a means to slightly enhance efficiency in the workshop, the reorganization requires temporarily closing the workshop, delaying service to regular customers. If I do not reorganize the workshop, the temporary closure of the workshop and the resulting delay in service to regular customers would not happen.","{'1': 'reorganize the workshop.', '2': 'not reorganize the workshop.'}",4.12,1.76,"[('The workshop will be temporarily closed.', '+', '+', '+', '-30'), ('Service to regular customers will be delayed.', '+', '+', '+', '-30'), (""The workshop's workflow will be improved."", '+', '+', '-', '70'), (""The workshop's efficiency will be slightly enhanced."", '+', '+', '+', '30')]","('Service to regular customers will be delayed.', '+', '+', '+', '-30')"
7,cc_evitable_prevention_no_stories,Evitable,CC (Means),Omission,"I, a Mechanic, face a moral dilemma. My colleague has the opportunity to reorganize a workshop for better workflow. As a means to slightly enhance efficiency in the workshop, the reorganization requires temporarily closing the workshop, delaying service to regular customers. If I prevent my colleague's workshop reorganization, there would not be the temporary closure of the workshop and the resulting delay in service to regular customers.","{'1': ""prevent my colleague's workshop reorganization."", '2': ""not prevent my colleague's workshop reorganization.""}",4.142857142857143,2.0476190476190474,"[('The workshop remains open without temporary closure', '+', '+', '+', '20'), ('Regular customers do not experience delays in service', '+', '+', '+', '50'), ('The workshop workflow does not improve', '+', '+', '+', '-20'), (""The colleague's plan to reorganize the workshop is halted"", '+', '+', '+', '20'), ('Potential efficiency gains from reorganization are not realized', '+', '+', '+', '0')]","('The workshop workflow does not improve', '+', '+', '+', '-20')"
7,cc_inevitable_action_yes_stories,Inevitable,CC (Means),Commission,"I, a Mechanic, face a moral dilemma. I have the opportunity to reorganize a workshop for better workflow. As a means to slightly enhance efficiency in the workshop, the reorganization requires temporarily closing the workshop, delaying service to regular customers. If I do not reorganize the workshop, the temporary closure of the workshop and the resulting delay in service to regular customers would still happen because of a mandatory safety inspection.","{'1': 'reorganize the workshop.', '2': 'not reorganize the workshop.'}",4.045454545454546,2.0,"[('I temporarily close the workshop', '-', '+', '+', '-20'), ('Service to regular customers is delayed', '-', '-', '+', '-20'), ('Workshop workflow is improved', '+', '+', '-', '70'), ('Workshop efficiency is slightly enhanced', '+', '+', '+', '30'), ('Mandatory safety inspection is completed during closure', '-', '-', '+', '50')]","('Service to regular customers is delayed', '-', '-', '+', '-20')"
7,cc_inevitable_prevention_no_stories,Inevitable,CC (Means),Omission,"I, a Mechanic, face a moral dilemma. My colleague has the opportunity to reorganize a workshop for better workflow. As a means to slightly enhance efficiency in the workshop, the reorganization requires temporarily closing the workshop, delaying service to regular customers. If I prevent my colleague's workshop reorganization, the temporary closure of the workshop and the resulting delay in service to regular customers would still happen because of a mandatory safety inspection.","{'1': ""prevent my colleague's workshop reorganization."", '2': ""not prevent my colleague's workshop reorganization.""}",3.730769230769231,2.5384615384615383,"[('The workshop remains in its current organizational state.', '+', '+', '+', '10'), ('The workshop closes temporarily for a mandatory safety inspection.', '-', '-', '+', '-20'), ('Service to regular customers is delayed due to the temporary closure.', '-', '-', '+', '-20'), ('The potential efficiency improvement from reorganization does not occur.', '+', '+', '+', '-10'), ('My colleague is unable to implement the workshop reorganization.', '+', '+', '+', '0')]","('Service to regular customers is delayed due to the temporary closure.', '-', '-', '+', '-20')"
7,coc_evitable_action_yes_stories,Evitable,COC (SideEff),Commission,"I, a Mechanic, face a moral dilemma. I have the opportunity to use a new, more efficient hydraulic lift in his garage. The new lift helps with the repairs of a small subset of vehicles. As a side effect of helping with the repairs of a small subset of vehicles, the new lift produces a low humming noise, which is distracting to some workers. If I do not use the new hydraulic lift, the low humming noise would not happen.","{'1': 'use the new, more efficient hydraulic lift.', '2': 'not use the new, more efficient hydraulic lift.'}",4.238095238095238,2.095238095238096,"[('I use the new, more efficient hydraulic lift in the garage', '+', '+', '+', '70'), ('Repairs on the small subset of vehicles become more efficient', '+', '+', '+', '70'), ('A low humming noise is produced in the garage', '+', '-', '+', '-10'), ('Some workers experience distraction due to the low humming noise', '+', '-', '+', '-20')]","('Some workers experience distraction due to the low humming noise', '+', '-', '+', '-20')"
7,coc_evitable_prevention_no_stories,Evitable,COC (SideEff),Omission,"I, a Mechanic, face a moral dilemma. My colleague has the opportunity to use a new, more efficient hydraulic lift in his garage. The new lift helps with the repairs of a small subset of vehicles. As a side effect of helping with the repairs of a small subset of vehicles, the new lift produces a low humming noise, which is distracting to some workers. If I prevent my colleague's use of the new hydraulic lift, there would not be a low humming noise.","{'1': ""prevent my colleague's use of the new hydraulic lift."", '2': ""not prevent my colleague's use of the new hydraulic lift.""}",4.380952380952381,1.619047619047619,"[('My colleague cannot use the new hydraulic lift.', '+', '+', '+', '0'), ('No low humming noise is produced in the garage', '+', '+', '+', '50'), ('Workers are not distracted by the low humming noise', '+', '+', '+', '0'), ('Repairs on the small subset of vehicles are not improved by the new lift', '+', '+', '+', '0'), ('My colleague may experience frustration or inconvenience', '+', '-', '+', '-10'), ('Overall efficiency of repairs on the small subset of vehicles remains unchanged', '+', '+', '+', '0')]","('My colleague cannot use the new hydraulic lift.', '+', '+', '+', '0')"
7,coc_inevitable_action_yes_stories,Inevitable,COC (SideEff),Commission,"I, a Mechanic, face a moral dilemma. I have the opportunity to use a new, more efficient hydraulic lift in his garage. The new lift helps with the repairs of a small subset of vehicles. As a side effect of helping with the repairs of a small subset of vehicles, the new lift produces a low humming noise, which is distracting to some workers. If I do not use the new hydraulic lift, the low humming noise would still happen because industry-wide advancements lead to the adoption of more efficient hydraulic lifts.","{'1': 'use the new, more efficient hydraulic lift.', '2': 'not use the new, more efficient hydraulic lift.'}",4.24,2.08,"[('I repair vehicles in the small subset more efficiently', '+', '+', '+', '80'), ('Some workers in my garage feel distracted by the low humming noise.', '-', '-', '+', '-20'), ('My garage adopts industry-wide advancements in hydraulic lift technology.', '-', '-', '+', '20')]","('Some workers in my garage feel distracted by the low humming noise.', '-', '-', '+', '-20')"
7,coc_inevitable_prevention_no_stories,Inevitable,COC (SideEff),Omission,"I, a Mechanic, face a moral dilemma. My colleague has the opportunity to use a new, more efficient hydraulic lift in his garage. The new lift helps with the repairs of a small subset of vehicles. As a side effect of helping with the repairs of a small subset of vehicles, the new lift produces a low humming noise, which is distracting to some workers. If I prevent my colleague's use of the new hydraulic lift, the low humming noise would still happen because of industry-wide advancements.","{'1': ""prevent my colleague's use of the new hydraulic lift."", '2': ""not prevent my colleague's use of the new hydraulic lift.""}",4.142857142857143,2.4285714285714284,"[('I prevent my colleague from using the new hydraulic lift', '+', '+', '+', '0'), ('Colleague continues using older equipment or alternative methods', '+', '+', '+', '10'), ('Colleague experiences less distraction from the low humming noise', '-', '-', '-', '0'), ('Industry-wide low humming noise continues due to other sources', '-', '-', '+', '0'), (""Colleague's repair efficiency for the small subset of vehicles does not improve"", '+', '-', '+', '0'), ('I potentially cause tension or conflict with a colleague', '+', '-', '-', '-40'), ('Overall repair processes in the garage remain less efficient for the small subset of vehicles', '+', '+', '+', '-20')]","('I potentially cause tension or conflict with a colleague', '+', '-', '-', '-40')"
8,cc_evitable_action_yes_stories,Evitable,CC (Means),Commission,"I, a Soldier, face a moral dilemma. I have the opportunity to test a new, lightweight but less protective combat gear in training exercises. As a means to test the benefits of lighter gear, it is required to remove some of the gear's heavier protection against bruises. If I do not test the new combat gear, the marginally less protection against bruises would not happen.","{'1': 'test the new, lightweight combat gear.', '2': 'not test the new, lightweight combat gear.'}",3.809523809523809,1.9523809523809523,"[('I experience less protection against bruises during training exercises', '+', '+', '+', '-30'), ('I gain experience with the new lightweight combat gear', '+', '+', '+', '40'), ('I provide data on the benefits and drawbacks of the new gear', '+', '+', '+', '30'), ('I potentially increase the risk of minor injuries such as bruises.', '+', '+', '+', '-20'), ('I contribute to the evaluation process for future combat gear improvements.', '+', '+', '-', '50')]","('I potentially increase the risk of minor injuries such as bruises.', '+', '+', '+', '-20')"
8,cc_evitable_prevention_no_stories,Evitable,CC (Means),Omission,"I, a Soldier, face a moral dilemma. My colleague has the opportunity to test a new, lightweight combat gear in training exercises. As a means to test the benefits of lighter gear, it is required to remove some of the gear's heavier protection against bruises. If I prevent my colleague's testing of the new combat gear, there would not be marginally less protection against bruises.","{'1': ""prevent my colleague's testing of the new combat gear."", '2': ""not prevent my colleague's testing of the new combat gear.""}",4.190476190476191,2.0476190476190474,"[('I prevent the colleague from testing the new combat gear', '+', '+', '+', '0'), ('The colleague does not experience reduced protection against bruises during training', '+', '+', '+', '20'), ('The potential benefits of the lighter combat gear are not evaluated in training', '+', '+', '+', '0'), ('The colleague does not face increased risk of bruises from reduced protection', '+', '+', '+', '0'), ('The current level of protection against bruises remains unchanged in training exercises', '+', '+', '+', '0')]","('The potential benefits of the lighter combat gear are not evaluated in training', '+', '+', '+', '0')"
8,cc_inevitable_action_yes_stories,Inevitable,CC (Means),Commission,"I, a Soldier, face a moral dilemma. I have the opportunity to test a new, lightweight but less protective combat gear in training exercises. As a means to test the benefits of lighter gear, it is required to remove some of the gear's heavier protection against bruises. If I do not test the new combat gear, the marginally less protection against bruises would still happen because military regulations shift towards prioritizing mobility, introducing gear that is less protective but increases agility.","{'1': 'test the new, lightweight combat gear.', '2': 'not test the new, lightweight combat gear.'}",3.9047619047619047,2.1904761904761907,"[('I experience increased mobility during training exercises.', '+', '+', '+', '70'), ('I have reduced protection against bruises during training', '-', '+', '+', '-20'), ('I provide data on the effectiveness of the new combat gear', '+', '+', '+', '20'), ('I face a higher risk of minor injuries during training', '-', '+', '+', '-30'), ('Military gains insights into the trade-offs between protection and agility', '+', '+', '+', '20'), ('I contribute to the potential adoption of lighter combat gear in the military.', '+', '+', '-', '20')]","('I face a higher risk of minor injuries during training', '-', '+', '+', '-30')"
8,cc_inevitable_prevention_no_stories,Inevitable,CC (Means),Omission,"I, a Soldier, face a moral dilemma. My colleague has the opportunity to test a new, lightweight combat gear in training exercises. As a means to test the benefits of lighter gear, it is required to remove some of the gear's heavier protection against bruises. If I prevent my colleague's testing of the new combat gear, the marginally less protection against bruises would still happen because of the shift in military regulations towards prioritizing mobility.","{'1': ""prevent my colleague's testing of the new combat gear."", '2': ""not prevent my colleague's testing of the new combat gear.""}",3.96,2.16,"[('I prevent the colleague from testing the new combat gear.', '+', '+', '+', '0'), ('The colleague does not gain firsthand experience with the lightweight gear.', '+', '+', '+', '10'), (""The military's shift towards prioritizing mobility continues regardless of the test."", '-', '-', '+', '-20'), ('The marginally less protection against bruises occurs due to regulation changes.', '-', '-', '+', '-10'), (""My action delays or limits data collection on the new gear's effectiveness."", '+', '+', '+', '-30'), ('The colleague may feel frustrated or disappointed by being prevented from testing.', '+', '-', '+', '-20'), ('Potential improvements or issues with the gear remain unverified through testing.', '-', '+', '+', '-20')]","('The marginally less protection against bruises occurs due to regulation changes.', '-', '-', '+', '-10')"
8,coc_evitable_action_yes_stories,Evitable,COC (SideEff),Commission,"I, a Soldier, face a moral dilemma. I have the opportunity to have her team participate in advanced virtual reality (VR) combat training. The VR training is an somewhat more interesting experience. As a side effect of the somewhat more interesting experience, some soldiers experience short dizziness after extended VR sessions. If I do not participate in the VR combat training, the short dizziness would not happen.","{'1': 'participate in the advanced VR combat training.', '2': 'not participate in the advanced VR combat training.'}",4.095238095238095,1.8571428571428568,"[('My team participates in advanced VR combat training', '+', '+', '+', '30'), ('My team experiences a more interesting training experience', '+', '+', '+', '50'), ('Some soldiers on my team experience short dizziness after extended VR sessions', '+', '-', '+', '-10')]","('Some soldiers on my team experience short dizziness after extended VR sessions', '+', '-', '+', '-10')"
8,coc_evitable_prevention_no_stories,Evitable,COC (SideEff),Omission,"I, a Soldier, face a moral dilemma. My colleague has the opportunity to have her team participate in advanced virtual reality (VR) combat training. The VR training is an somewhat more interesting experience. As a side effect of the somewhat more interesting experience, some soldiers experience short dizziness after extended VR sessions. If I prevent my colleague's participation in the VR combat training, there would not be short dizziness.","{'1': ""prevent my colleague's participation in the VR combat training."", '2': ""not prevent my colleague's participation in the VR combat training.""}",3.923076923076923,2.1923076923076925,"[(""I prevent the colleague's team from participating in advanced VR combat training"", '+', '+', '+', '10'), (""The colleague's team does not experience the more interesting VR training"", '+', '+', '+', '10'), (""The colleague's team does not experience short dizziness from extended VR sessions"", '+', '+', '+', '0'), (""The colleague's team continues with standard combat training instead of VR training"", '+', '+', '+', '10'), ('My colleague may feel disappointed or frustrated due to the prevention.', '+', '-', '-', '-20'), (""The overall training experience for the colleague's team remains less engaging"", '+', '+', '+', '0')]","(""The colleague's team does not experience the more interesting VR training"", '+', '+', '+', '10')"
8,coc_inevitable_action_yes_stories,Inevitable,COC (SideEff),Commission,"I, a Soldier, face a moral dilemma. I have the opportunity to have her team participate in advanced virtual reality (VR) combat training. The VR training is an somewhat more interesting experience. As a side effect of the somewhat more interesting experience, some soldiers experience short dizziness after extended VR sessions. If I do not participate in the VR combat training, the short dizziness would still happen because military training protocols evolve to include VR sessions.","{'1': 'participate in the advanced VR combat training.', '2': 'not participate in the advanced VR combat training.'}",3.8181818181818175,2.272727272727273,"[('Some soldiers on my team experience short dizziness after extended VR sessions', '-', '-', '-', '-10'), ('My team improves combat skills through advanced VR training', '+', '+', '-', '80')]","('Some soldiers on my team experience short dizziness after extended VR sessions', '-', '-', '-', '-10')"
8,coc_inevitable_prevention_no_stories,Inevitable,COC (SideEff),Omission,"I, a Soldier, face a moral dilemma. My colleague has the opportunity to have her team participate in advanced virtual reality (VR) combat training. The VR training is an somewhat more interesting experience. As a side effect of the somewhat more interesting experience, some soldiers experience short dizziness after extended VR sessions. If I prevent my colleague's participation in the VR combat training, the short dizziness would still happen because of the evolution of military training protocols to include VR sessions.","{'1': ""prevent my colleague's participation in the VR combat training."", '2': ""not prevent my colleague's participation in the VR combat training.""}",3.952380952380953,2.4761904761904763,"[(""I prevent my colleague's team from participating in the advanced VR combat training."", '+', '+', '+', '0'), (""My colleague's team misses out on the more interesting VR training experience."", '+', '+', '+', '-10'), (""Some soldiers outside of my colleague's team still experience short dizziness from VR sessions due to evolving military training protocols."", '-', '-', '+', '0'), ('My colleague may feel frustrated or disappointed by the prevention of my participation.', '+', '-', '+', '-20'), (""I avoid causing additional dizziness incidents within my colleague's team through my decision."", '-', '-', '-', '20')]","(""My colleague's team misses out on the more interesting VR training experience."", '+', '+', '+', '-10')"
9,cc_evitable_action_yes_stories,Evitable,CC (Means),Commission,"I, a Policeman, face a moral dilemma. I have the opportunity to initiate a graffiti removal project in local neighborhoods. As a means to remove unpleasant graffiti, the graffiti removal project requires covering up street murals that have artistic value. If I do not initiate the graffiti removal project, the covering up of street murals that have artistic value would not happen.","{'1': 'initiate the graffiti removal project.', '2': 'not initiate the graffiti removal project.'}",4.1923076923076925,2.076923076923077,"[('I initiate the graffiti removal project', '+', '+', '+', '20'), ('Unpleasant graffiti in local neighborhoods is removed', '+', '+', '+', '50'), ('Street murals with artistic value are covered up', '+', '+', '+', '-20'), ('Local community experiences changes in neighborhood aesthetics', '+', '+', '+', '0'), ('Artists lose visibility of their street murals', '+', '+', '+', '-20'), ('Residents may have mixed reactions to the removal of graffiti and covering of murals', '+', '-', '+', '0')]","('Street murals with artistic value are covered up', '+', '+', '+', '-20')"
9,cc_evitable_prevention_no_stories,Evitable,CC (Means),Omission,"I, a Policeman, face a moral dilemma. My colleague has the opportunity to initiate a graffiti removal project in local neighborhoods. As a means to remove unpleasant graffiti, the graffiti removal project requires covering up street murals that have artistic value. If I prevent my colleague's graffiti removal project, there would not be the covering up of street murals that have artistic value.","{'1': ""prevent my colleague's graffiti removal project."", '2': ""not prevent my colleague's graffiti removal project.""}",4.571428571428571,1.9523809523809523,"[('I prevent the covering up of street murals that have artistic value.', '+', '+', '+', '50'), ('The artistic value of local street murals is preserved', '+', '+', '+', '80'), ('Unpleasant graffiti remains in local neighborhoods', '+', '+', '+', '20'), ('The graffiti removal project does not start', '+', '+', '+', '50')]","('Unpleasant graffiti remains in local neighborhoods', '+', '+', '+', '20')"
9,cc_inevitable_action_yes_stories,Inevitable,CC (Means),Commission,"I, a Policeman, face a moral dilemma. I have the opportunity to initiate a graffiti removal project in local neighborhoods. As a means to remove unpleasant graffiti, the graffiti removal project requires covering up street murals that have artistic value. If I do not initiate the graffiti removal project, the covering up of street murals that have artistic value would still happen because of a city beautification campaign.","{'1': 'initiate the graffiti removal project.', '2': 'not initiate the graffiti removal project.'}",4.115384615384615,2.1538461538461537,"[('I initiate the graffiti removal project', '+', '+', '+', '20'), ('Street murals with artistic value are covered up', '-', '+', '+', '-20'), ('Unpleasant graffiti is removed from local neighborhoods', '-', '+', '+', '50'), ('Local neighborhoods appear cleaner', '+', '+', '+', '50'), ('Artistic street murals are lost', '-', '+', '+', '-30'), ('Community members who value the murals feel disappointed', '-', '+', '+', '-30'), ('City beautification campaign continues with my project', '-', '+', '+', '20'), ('I fulfill my role as a policeman involved in community improvement.', '+', '+', '+', '50')]","('Artistic street murals are lost', '-', '+', '+', '-30')"
9,cc_inevitable_prevention_no_stories,Inevitable,CC (Means),Omission,"I, a Policeman, face a moral dilemma. My colleague has the opportunity to initiate a graffiti removal project in local neighborhoods. As a means to remove unpleasant graffiti, the graffiti removal project requires covering up street murals that have artistic value. If I prevent my colleague's graffiti removal project, the covering up of street murals that have artistic value would still happen because of a city beautification campaign.","{'1': ""prevent my colleague's graffiti removal project."", '2': ""not prevent my colleague's graffiti removal project.""}",4.227272727272728,2.4545454545454546,"[('The street murals with artistic value are still covered up due to the city beautification campaign', '-', '-', '+', '-50'), ('My colleague is unable to carry out the graffiti removal project.', '+', '+', '+', '20'), ('The unpleasant graffiti is removed through the city beautification campaign', '-', '-', '+', '0'), ('I experience a moral conflict regarding the impact of my decision.', '+', '-', '+', '-40'), ('The local neighborhoods undergo changes in appearance due to the city beautification campaign', '-', '-', '+', '-20')]","('The street murals with artistic value are still covered up due to the city beautification campaign', '-', '-', '+', '-50')"
9,coc_evitable_action_yes_stories,Evitable,COC (SideEff),Commission,"I, a Policeman, face a moral dilemma. I have the opportunity to implement a new digital reporting system for incidents. The system is slightly easier to use. As a side effect of making the reporting system slightly easier to use, the new digital system requires older officers to adapt to new technology, causing frustration. If I do not implement the new digital reporting system, the frustration of older officers would not happen.","{'1': 'implement the new digital reporting system.', '2': 'not implement the new digital reporting system.'}",3.619047619047619,2.571428571428572,"[('I implement the new digital reporting system', '+', '+', '+', '50'), ('Older officers experience frustration adapting to new technology', '+', '-', '+', '-10'), ('Incident reporting becomes slightly easier to use', '+', '+', '+', '30'), ('Overall reporting efficiency improves', '+', '+', '-', '70'), ('Older officers may feel challenged or stressed by the change', '+', '-', '+', '-20')]","('Older officers experience frustration adapting to new technology', '+', '-', '+', '-10')"
9,coc_evitable_prevention_no_stories,Evitable,COC (SideEff),Omission,"I, a Policeman, face a moral dilemma. My colleague has the opportunity to implement a new digital reporting system for minor incidents. The system is slightly easier to use. As a side effect of making the reporting system slightly easier to use, the new digital system requires older officers to adapt to new technology, causing frustration. If I prevent my colleague's implementation of the new digital reporting system for minor incidents, there would not be frustration among older officers.","{'1': ""prevent my colleague's implementation of the new digital reporting system for minor incidents."", '2': ""not prevent my colleague's implementation of the new digital reporting system for minor incidents.""}",4.0,2.2857142857142856,"[('I prevent the implementation of the new digital reporting system.', '+', '+', '+', '20'), ('Older officers do not experience frustration from adapting to new technology.', '+', '+', '+', '50'), ('The reporting system remains less easy to use.', '+', '+', '+', '20'), (""Colleague's opportunity to improve the reporting system is blocked."", '+', '+', '+', '20'), ('Minor incident reporting process remains unchanged.', '+', '+', '+', '20')]","(""Colleague's opportunity to improve the reporting system is blocked."", '+', '+', '+', '20')"
9,coc_inevitable_action_yes_stories,Inevitable,COC (SideEff),Commission,"I, a Policeman, face a moral dilemma. I have the opportunity to implement a new digital reporting system for incidents. The system is slightly easier to use. As a side effect of making the reporting system slightly easier to use, the new digital system requires older officers to adapt to new technology, causing frustration. If I do not implement the new digital reporting system, the frustration of older officers would still happen because of a shift in police department policy that mandates digital reporting for minor incidents.","{'1': 'implement the new digital reporting system.', '2': 'not implement the new digital reporting system.'}",3.64,2.2,"[('I implement the new digital reporting system.', '+', '+', '+', '20'), ('Older officers experience frustration adapting to the new technology.', '-', '-', '+', '-20'), ('Reporting minor incidents becomes slightly easier with the new system.', '+', '+', '+', '20'), ('The police department transitions to digital reporting for minor incidents.', '-', '+', '+', '20'), ('The overall reporting process is streamlined compared to the previous system.', '+', '+', '+', '70')]","('Older officers experience frustration adapting to the new technology.', '-', '-', '+', '-20')"
9,coc_inevitable_prevention_no_stories,Inevitable,COC (SideEff),Omission,"I, a Policeman, face a moral dilemma. My colleague has the opportunity to implement a new digital reporting system for minor incidents. The system is slightly easier to use. As a side effect of making the reporting system slightly easier to use, the new digital system requires older officers to adapt to new technology, causing frustration. If I prevent my colleague's implementation of the new digital reporting system for minor incidents, the frustration among older officers would still happen because of a shift in police department policy that mandates digital reporting for minor incidents.","{'1': ""prevent my colleague's implementation of the new digital reporting system for minor incidents."", '2': ""not prevent my colleague's implementation of the new digital reporting system for minor incidents.""}",3.863636363636364,2.5454545454545454,"[('I prevent the implementation of the new digital reporting system for minor incidents.', '+', '+', '+', '0'), ('Older officers experience frustration adapting to the mandated digital reporting system.', '-', '-', '+', '-20'), ('The slightly easier-to-use digital reporting system is not introduced by my colleague.', '+', '+', '+', '0'), ('The police department policy mandating digital reporting for minor incidents remains in effect.', '-', '-', '+', '-20'), ('The potential ease of use improvement from the new system is not realized.', '+', '+', '+', '-20'), ('My colleague may experience professional frustration or disappointment.', '+', '-', '+', '-20'), ('The overall reporting process for minor incidents remains unchanged except for the mandated digital reporting.', '-', '+', '+', '-20')]","('Older officers experience frustration adapting to the mandated digital reporting system.', '-', '-', '+', '-20')"
