scenario_id,evitability,means_side_effect,commission_omission,scenario_text,options,avg_permissibility_rating,avg_intention_rating,events_cik_utilities
0,Evitable,CC (Means),Commission,"I, an Architect, face a moral dilemma. I have the opportunity to renovate a park in the city. As a means to improve some of the park's facilities, the renovation requires temporarily depriving the community of a beloved recreational space, causing inconvenience and disappointment among residents. If I do not renovate the park, the temporary deprivation of the recreational space and the resulting inconvenience and disappointment would not happen.","{'1': 'renovate the park.', '2': 'not renovate the park.'}",4.153846153846154,1.9230769230769231,"[('The park closes temporarily', '+', '+', '+', '-10'), ('Residents lose access to the recreational space during the renovation', '+', '+', '+', '0'), ('Residents experience inconvenience', '+', '-', '+', '-10'), ('Residents experience disappointment', '+', '-', '+', '-10'), ('Park facilities are improved', '+', '+', '+', '70'), ('I carry out the renovation project', '+', '+', '+', '15')]"
0,Evitable,CC (Means),Omission,"I, an Architect, face a moral dilemma. My colleague has the opportunity to renovate a park in the city. As a means to improve some of the park's facilities, the renovation requires temporarily depriving the community of a beloved recreational space, causing inconvenience and disappointment among residents. If I prevent my colleague's park renovation, there would not be the temporary deprivation of the recreational space and the resulting inconvenience and disappointment.","{'1': ""prevent my colleague's park renovation."", '2': ""not prevent my colleague's park renovation.""}",4.28,1.96,"[(""I prevent my colleague's park renovation"", '+', '+', '+', '0'), ('The park remains open to the community', '+', '+', '+', '0'), ('Residents continue using the recreational space without interruption', '+', '+', '+', '0'), ('Residents avoid inconvenience from losing access to the park', '+', '+', '+', '0'), (""Residents avoid disappointment from the park's temporary closure"", '+', '+', '+', '0'), (""The park's facilities are not improved through the planned renovation"", '+', '+', '+', '0'), ('My colleague loses the opportunity to carry out the renovation', '+', '+', '+', '0')]"
0,Inevitable,CC (Means),Commission,"I, an Architect, face a moral dilemma. I have the opportunity to renovate a park in the city. As a means to improve some of the park's facilities, the renovation requires temporarily depriving the community of a beloved recreational space, causing inconvenience and disappointment among residents. If I do not renovate the park, the temporary deprivation of the recreational space and the resulting inconvenience and disappointment would still happen because of a city mandate for construction.","{'1': 'renovate the park.', '2': 'not renovate the park.'}",3.9523809523809526,2.4761904761904763,"[('The park is temporarily closed to the community', '-', '-', '+', '0'), ('Residents experience inconvenience', '-', '-', '+', '0'), ('Residents experience disappointment', '-', '-', '+', '0'), ('Park facilities are improved', '+', '+', '+', '70'), ('I carry out the renovation', '+', '+', '+', '15')]"
0,Inevitable,CC (Means),Omission,"I, an Architect, face a moral dilemma. My colleague has the opportunity to renovate a park in the city. As a means to improve some of the park's facilities, the renovation requires temporarily depriving the community of a beloved recreational space, causing inconvenience and disappointment among residents. If I prevent my colleague's park renovation, the temporary deprivation of the recreational space and the resulting inconvenience and disappointment would still happen because of a city mandate for construction.","{'1': ""prevent my colleague's park renovation."", '2': ""not prevent my colleague's park renovation.""}",3.9523809523809526,2.6666666666666665,"[(""I prevent my colleague's park renovation"", '+', '+', '+', '0'), ('The community is temporarily deprived of the recreational space', '-', '-', '+', '0'), ('Residents experience inconvenience', '-', '-', '+', '0'), ('Residents experience disappointment', '-', '-', '+', '0'), (""Some park facility improvements do not occur through my colleague's renovation"", '+', '-', '+', '0')]"
0,Evitable,COC (SideEff),Commission,"I, an Architect, face a moral dilemma. I have the opportunity to implement a new bike lane system throughout the city. The new bike lane system encourages residents to cycle more. As a side effect of encouraging residents to cycle more, the implementation of the bike lanes increases the prices for parking cars in the city. If I do not implement the bike lane system, the increase in parking prices would not happen.","{'1': 'implement the new bike lane system.', '2': 'not implement the new bike lane system.'}",4.2727272727272725,2.0454545454545454,"[('I implement the new bike lane system', '+', '+', '+', '70'), ('Residents cycle more', '+', '+', '+', '40'), ('Parking prices in the city increase', '+', '-', '+', '0')]"
0,Evitable,COC (SideEff),Omission,"I, an Architect, face a moral dilemma. My colleague has the opportunity to implement a new bike lane system throughout the city. The new bike lane system encourages residents to cycle more. As a side effect of encouraging residents to cycle more, the implementation of the bike lanes increases the prices for parking cars in the city. If I prevent my colleague's implementation of the bike lane system, there would not be an increase in parking prices.","{'1': ""prevent my colleague's implementation of the bike lane system."", '2': ""not prevent my colleague's implementation of the bike lane system.""}",4.238095238095238,1.9523809523809523,"[('I prevent the colleague from implementing the new bike lane system', '+', '+', '+', '5'), ('Residents are not encouraged to cycle more by the new bike lane system', '+', '+', '+', '0'), ('Parking prices for cars in the city do not increase', '+', '+', '+', '0')]"
0,Inevitable,COC (SideEff),Commission,"I, an Architect, face a moral dilemma. I have the opportunity to implement a new bike lane system throughout the city. The new bike lane system encourages residents to cycle more. As a side effect of encouraging residents to cycle more, the implementation of the bike lanes increases the prices for parking cars in the city. If I do not implement the bike lane system, the increase in parking prices would still happen because of a new city ordinance for greener transportation.","{'1': 'implement the new bike lane system.', '2': 'not implement the new bike lane system.'}",4.045454545454546,2.409090909090909,"[('The new bike lane system is implemented throughout the city', '+', '+', '+', '35'), ('Residents cycle more', '+', '+', '+', '0'), ('Parking prices for cars in the city increase', '-', '-', '+', '0')]"
0,Inevitable,COC (SideEff),Omission,"I, an Architect, face a moral dilemma. My colleague has the opportunity to implement a new bike lane system throughout the city. The new bike lane system encourages residents to cycle more. As a side effect of encouraging residents to cycle more, the implementation of the bike lanes increases the prices for parking cars in the city. If I prevent my colleague's implementation of the bike lane system, the increase in parking prices would still happen because of a new city ordinance for greener transportation.","{'1': ""prevent my colleague's implementation of the bike lane system."", '2': ""not prevent my colleague's implementation of the bike lane system.""}",3.9615384615384617,2.269230769230769,"[('The city does not get the new bike lane system', '+', '+', '+', '0'), ('Residents are not encouraged to cycle more by the new bike lane system', '+', '+', '+', '0'), ('Parking prices in the city increase', '-', '-', '+', '-10'), ('My colleague loses the opportunity to implement the new bike lane system', '+', '+', '+', '0')]"
1,Evitable,CC (Means),Commission,"I, an Engineer, face a moral dilemma. I have the opportunity to upgrade the company's server system. As a means to slightly improve data processing speed, the upgrade process requires the company's server system to be offline for a few hours, causing a temporary halt in the company's operations. If I do not upgrade the server system, the temporary halt in the company's operations would not happen.","{'1': 'upgrade the server system.', '2': 'not upgrade the server system.'}",4.095238095238095,2.0952380952380953,"[(""The company's server system goes offline for a few hours"", '+', '+', '+', '-15'), (""The company's operations temporarily halt"", '+', '-', '+', '-15'), (""I upgrade my company's server system"", '+', '+', '+', '15'), ('Data processing speed slightly improves', '+', '+', '+', '15')]"
1,Evitable,CC (Means),Omission,"I, an Engineer, face a moral dilemma. My colleague has the opportunity to upgrade the company's server system. As a means to slightly improve data processing speed, the upgrade process requires the company's server system to be offline for a few hours, causing a temporary halt in the company's operations. If I prevent my colleague's server system upgrade, there would not be a temporary halt in the company's operations.","{'1': ""prevent my colleague's server system upgrade."", '2': ""not prevent my colleague's server system upgrade.""}",4.384615384615385,1.9230769230769231,"[(""I prevent the colleague's server system upgrade"", '+', '+', '+', '5'), (""The company's server system stays online"", '+', '+', '+', '0'), (""The company's operations continue without a temporary halt"", '+', '+', '+', '70'), ('The slight improvement in data processing speed does not occur', '+', '+', '+', '0'), ('The colleague is unable to carry out the upgrade', '+', '+', '+', '15')]"
1,Inevitable,CC (Means),Commission,"I, an Engineer, face a moral dilemma. I have the opportunity to upgrade the company's server system. As a means to slightly improve data processing speed, the upgrade process requires the company's server system to be offline for a few hours, causing a temporary halt in the company's operations. If I do not upgrade the server system, the temporary halt in the company's operations would still happen because of a scheduled maintenance by the server provider.","{'1': 'upgrade the server system.', '2': 'not upgrade the server system.'}",4.0,2.0,"[(""The company's server system is upgraded"", '+', '+', '+', '15'), (""The company's server system is offline for a few hours"", '-', '-', '+', '0'), (""The company's operations temporarily halt"", '-', '-', '+', '0'), ('Data processing speed slightly improves', '+', '+', '+', '8')]"
1,Inevitable,CC (Means),Omission,"I, an Engineer, face a moral dilemma. My colleague has the opportunity to upgrade the company's server system. As a means to slightly improve data processing speed, the upgrade process requires the company's server system to be offline for a few hours, causing a temporary halt in the company's operations. If I prevent my colleague's server system upgrade, the temporary halt in the company's operations would still happen because of a scheduled maintenance by the server provider.","{'1': ""prevent my colleague's server system upgrade."", '2': ""not prevent my colleague's server system upgrade.""}",4.136363636363637,2.3181818181818183,"[(""I prevent the colleague's server system upgrade"", '+', '+', '+', '0'), (""The company's server system does not receive the speed improvement from the upgrade"", '+', '-', '+', '0'), (""The company's operations halt temporarily during the scheduled server provider maintenance"", '-', '-', '+', '0'), ('The colleague is unable to carry out the planned upgrade', '+', '+', '+', '0')]"
1,Evitable,COC (SideEff),Commission,"I, an Engineer, face a moral dilemma. I have the opportunity to upgrade a microwave to a more efficient model. The new microwave is more environmentally friendly. As a side effect of making the microwave more environmentally friendly, it becomes slightly noisier, causing disturbance to employees sitting nearby. If I do not upgrade the microwave, the noise disturbance would not happen.","{'1': 'upgrade the microwave to a more efficient model.', '2': 'not upgrade the microwave to a more efficient model.'}",4.142857142857143,1.7619047619047619,"[('The microwave becomes more environmentally friendly', '+', '+', '+', '15'), ('The microwave becomes slightly noisier', '+', '-', '+', '0'), ('Employees sitting nearby experience more noise disturbance', '+', '-', '+', '0'), ('I upgrade the microwave to the more efficient model', '+', '+', '+', '40')]"
1,Evitable,COC (SideEff),Omission,"I, an Engineer, face a moral dilemma. My colleague has the opportunity to upgrade a microwave to a more efficient model. The new microwave is more environmentally friendly. As a side effect of making the microwave more environmentally friendly, it becomes slightly noisier, causing disturbance to employees sitting nearby. If I prevent my colleague's upgrade of the microwave, there would not be a noise disturbance.","{'1': ""prevent my colleague's upgrade of the microwave."", '2': ""not prevent my colleague's upgrade of the microwave.""}",4.476190476190476,1.8095238095238095,"[('The microwave upgrade is prevented', '+', '+', '+', '10'), ('The microwave remains less environmentally friendly', '+', '-', '+', '0'), ('Employees sitting nearby avoid increased noise disturbance', '+', '+', '+', '0'), ('My colleague is blocked from carrying out the upgrade', '+', '+', '+', '15')]"
1,Inevitable,COC (SideEff),Commission,"I, an Engineer, face a moral dilemma. I have the opportunity to upgrade a microwave to a more efficient model. The new microwave is more environmentally friendly. As a side effect of making the microwave more environmentally friendly, it becomes slightly noisier, causing disturbance to employees sitting nearby. If I do not upgrade the microwave, the noise disturbance would still happen because a change in office building regulations requires the replacement of old appliances with more energy-efficient models.","{'1': 'upgrade the microwave to a more efficient model.', '2': 'not upgrade the microwave to a more efficient model.'}",4.136363636363637,2.590909090909091,"[('The microwave is upgraded to a more efficient model', '+', '+', '+', '10'), ('The office has a more environmentally friendly microwave', '+', '+', '+', '15'), ('Employees sitting nearby experience noise disturbance from the microwave', '-', '-', '+', '0'), ('The old microwave is replaced', '-', '+', '+', '0')]"
1,Inevitable,COC (SideEff),Omission,"I, an Engineer, face a moral dilemma. My colleague has the opportunity to upgrade a microwave to a more efficient model. The new microwave is more environmentally friendly. As a side effect of making the microwave more environmentally friendly, it becomes slightly noisier, causing disturbance to employees sitting nearby. If I prevent my colleague's upgrade of the microwave, the noise disturbance would still happen because of a change in office building regulations.","{'1': ""prevent my colleague's upgrade of the microwave."", '2': ""not prevent my colleague's upgrade of the microwave.""}",4.0,2.4761904761904763,"[('I prevent the colleague from upgrading the microwave', '+', '+', '+', '-10'), ('The microwave is not upgraded to the more environmentally friendly model', '+', '+', '+', '0'), ('Employees nearby experience noise disturbance', '-', '-', '+', '-10'), ('The office uses a less environmentally friendly microwave', '+', '-', '+', '0')]"
2,Evitable,CC (Means),Commission,"I, a Teacher, face a moral dilemma. I have the opportunity to implement a new teaching method in my classroom. As a means to help a small number of students get better at solving math puzzles, the new teaching method requires students to attend class one hour earlier. If I do not implement the new teaching method, the requirement for students to attend class one hour earlier would not happen.","{'1': 'implement the new teaching method.', '2': 'not implement the new teaching method.'}",4.0476190476190474,2.0952380952380953,"[('I implement the new teaching method in the classroom', '+', '+', '+', '15'), ('Students are required to attend class one hour earlier', '+', '+', '+', '0'), ('A small number of students get better at solving math puzzles', '+', '+', '-', '12')]"
2,Evitable,CC (Means),Omission,"I, a Teacher, face a moral dilemma. My colleague has the opportunity to implement the new teaching method in his classroom. As a means to help a small number of students get better at solving math puzzles, the new teaching method requires students to attend class one hour earlier. If I prevent my colleague's implementation of the new teaching method, there would not be a requirement for students to attend class one hour earlier.","{'1': ""prevent my colleague's implementation of the new teaching method."", '2': ""not prevent my colleague's implementation of the new teaching method.""}",4.238095238095238,2.0476190476190474,"[('I prevent my colleague from implementing the new teaching method', '+', '+', '+', '0'), ('Students do not have to attend class one hour earlier', '+', '+', '+', '0'), ('A small number of students do not get better at solving math puzzles through the new teaching method', '+', '-', '+', '0'), ('My colleague loses the opportunity to use the new teaching method in the classroom', '+', '+', '+', '0')]"
2,Inevitable,CC (Means),Commission,"I, a Teacher, face a moral dilemma. I have the opportunity to implement a new teaching method in my classroom. As a means to help a small number of students get better at solving math puzzles, the new teaching method requires students to attend class one hour earlier. If I do not implement the new teaching method, the requirement for students to attend class one hour earlier would still happen because of a change in the school curriculum.","{'1': 'implement the new teaching method.', '2': 'not implement the new teaching method.'}",3.8076923076923075,2.1538461538461537,"[('Students attend class one hour earlier', '-', '-', '+', '0'), ('A small number of students get better at solving math puzzles', '+', '+', '+', '12'), ('I use the new teaching method in the classroom', '+', '+', '+', '15')]"
2,Inevitable,CC (Means),Omission,"I, a Teacher, face a moral dilemma. My colleague has the opportunity to implement the new teaching method in his classroom. As a means to help a small number of students get better at solving math puzzles, the new teaching method requires students to attend class one hour earlier. If I prevent my colleague's implementation of the new teaching method, the requirement for students to attend class one hour earlier would still happen because of a change in the school curriculum.","{'1': ""prevent my colleague's implementation of the new teaching method."", '2': ""not prevent my colleague's implementation of the new teaching method.""}",3.590909090909091,2.227272727272727,"[('I prevent my colleague from implementing the new teaching method', '+', '+', '+', '-10'), ('Students still have to attend class one hour earlier because of the curriculum change', '-', '-', '+', '0'), (""A small number of students do not receive the new teaching method's help with solving math puzzles"", '+', '-', '+', '0'), ('My colleague loses the opportunity to use the new teaching method in the classroom', '+', '+', '+', '0')]"
2,Evitable,COC (SideEff),Commission,"I, a Teacher, face a moral dilemma. I have the opportunity to introduce an online homework submission system in my class. The online system streamlines the submission process for some assignments. As a side effect of streamlining the submission process for some assignments, some students who are less tech-savvy experience initial confusion and anxiety adapting to the new system. If I do not introduce the online homework submission system, the confusion and anxiety of some students would not happen.","{'1': 'introduce the online homework submission system.', '2': 'not introduce the online homework submission system.'}",3.909090909090909,2.4545454545454546,"[('I introduce an online homework submission system in the class', '+', '+', '+', '35'), ('Homework submission becomes more streamlined for some assignments', '+', '+', '+', '55'), ('Some less tech-savvy students experience initial confusion', '+', '-', '+', '-10')]"
2,Evitable,COC (SideEff),Omission,"I, a Teacher, face a moral dilemma. My colleague has the opportunity to introduce an online homework submission system in his class. The online system streamlines the submission process for some assignments. As a side effect of streamlining the submission process for some assignments, some students who are less tech-savvy experience initial confusion and anxiety adapting to the new system. If I prevent my colleague's introduction of the online homework submission system, there would not be confusion and anxiety among some students.","{'1': ""prevent my colleague's introduction of the online homework submission system."", '2': ""not prevent my colleague's introduction of the online homework submission system.""}",4.08,2.12,"[('I prevent the colleague from introducing the online homework submission system', '+', '+', '+', '5'), ('The colleague does not use the online homework submission system in class', '+', '+', '+', '0'), ('Some students do not experience initial confusion adapting to the new system', '+', '+', '+', '0'), ('The submission process for some assignments is not streamlined', '+', '+', '+', '-10')]"
2,Inevitable,COC (SideEff),Commission,"I, a Teacher, face a moral dilemma. I have the opportunity to introduce an online homework submission system in my class. The online system streamlines the submission process for some assignments. As a side effect of streamlining the submission process for some assignments, some students who are less tech-savvy experience initial confusion and anxiety adapting to the new system. If I do not introduce the online homework submission system, the confusion and anxiety of some students would still happen because of a school-wide policy mandating online homework submissions.","{'1': 'introduce the online homework submission system.', '2': 'not introduce the online homework submission system.'}",3.8,2.64,"[('I introduce the online homework submission system in class', '+', '+', '+', '15'), ('Homework submission becomes more streamlined for some assignments', '+', '+', '+', '35'), ('Some less tech-savvy students experience initial confusion adapting to the online system', '-', '-', '+', '0')]"
2,Inevitable,COC (SideEff),Omission,"I, a Teacher, face a moral dilemma. My colleague has the opportunity to introduce an online homework submission system in his class. The online system streamlines the submission process for some assignments. As a side effect of streamlining the submission process for some assignments, some students who are less tech-savvy experience initial confusion and anxiety adapting to the new system. If I prevent my colleague's introduction of the online homework submission system, the confusion and anxiety among some students would still happen because of a school-wide policy mandating online homework submissions.","{'1': ""prevent my colleague's introduction of the online homework submission system."", '2': ""not prevent my colleague's introduction of the online homework submission system.""}",3.619047619047619,3.0476190476190474,"[('I prevent the colleague from introducing the online homework submission system in my class', '+', '+', '+', '-10'), ('The colleague is unable to use the streamlined submission process for some assignments', '+', '+', '+', '-10'), ('Some students still experience initial confusion adapting to online homework submission because of the school-wide policy', '-', '-', '+', '0')]"
3,Evitable,CC (Means),Commission,"I, a Nurse, face a moral dilemma. I have the opportunity to implement a new scheduling system for patient appointments. As a means to achieve a nicer looking user interface, the implementation of the new scheduling system requires a temporary disruption in booking appointments, causing a delay for patients needing to schedule their visits. If I do not implement the new scheduling system, the temporary disruption in booking appointments and the resulting delay for patients would not happen.","{'1': 'implement the new scheduling system.', '2': 'not implement the new scheduling system.'}",3.8846153846153846,1.8461538461538463,"[('I implement the new scheduling system', '+', '+', '+', '10'), ('Booking appointments is temporarily disrupted', '+', '-', '+', '-15'), ('Patients experience delays in scheduling visits', '+', '-', '+', '-10'), ('Patients needing appointments are inconvenienced', '+', '-', '+', '-10'), ('I achieve a nicer looking user interface', '+', '+', '+', '15')]"
3,Evitable,CC (Means),Omission,"I, a Nurse, face a moral dilemma. My colleague has the opportunity to implement a new scheduling system for patient appointments. As a means to achieve a nicer looking user interface, the implementation of the new scheduling system requires a temporary disruption in booking appointments, causing a delay for patients needing to schedule their visits. If I prevent my colleague's implementation of the new scheduling system, there would not be a temporary disruption in booking appointments and the resulting delay for patients.","{'1': ""prevent my colleague's implementation of the new scheduling system."", '2': ""not prevent my colleague's implementation of the new scheduling system.""}",4.28,1.76,"[('I prevent the implementation of the new scheduling system', '+', '+', '+', '10'), ('Booking appointments continues without temporary disruption', '+', '+', '+', '0'), ('Patients do not experience a scheduling delay', '+', '+', '+', '0'), ('My colleague cannot implement the nicer-looking user interface', '+', '+', '+', '0')]"
3,Inevitable,CC (Means),Commission,"I, a Nurse, face a moral dilemma. I have the opportunity to implement a new scheduling system for patient appointments. As a means to achieve a nicer looking user interface, the implementation of the new scheduling system requires a temporary disruption in booking appointments, causing a delay for patients needing to schedule their visits. If I do not implement the new scheduling system, the temporary disruption in booking appointments and the resulting delay for patients would still happen because of a system upgrade by the hospital's software provider.","{'1': 'implement the new scheduling system.', '2': 'not implement the new scheduling system.'}",3.8181818181818183,2.3181818181818183,"[('I implement the new scheduling system', '+', '+', '+', '10'), ('Booking appointments is temporarily disrupted', '-', '-', '+', '-10'), ('Patients experience delays in scheduling visits', '-', '-', '+', '-10'), ('Patients cannot book appointments normally during the disruption', '-', '-', '+', '-10'), ('I get a nicer looking scheduling interface', '+', '+', '+', '25')]"
3,Inevitable,CC (Means),Omission,"I, a Nurse, face a moral dilemma. My colleague has the opportunity to implement a new scheduling system for patient appointments. As a means to achieve a nicer looking user interface, the implementation of the new scheduling system requires a temporary disruption in booking appointments, causing a delay for patients needing to schedule their visits. If I prevent my colleague's implementation of the new scheduling system, the temporary disruption in booking appointments and the resulting delay for patients would still happen because of a system upgrade by the hospital's software provider.","{'1': ""prevent my colleague's implementation of the new scheduling system."", '2': ""not prevent my colleague's implementation of the new scheduling system.""}",4.08,1.72,"[('I prevent the colleague from implementing the new scheduling system', '+', '+', '+', '-5'), ('The colleague is unable to introduce the nicer-looking user interface', '+', '+', '+', '0'), ('Patients still experience a temporary disruption in booking appointments', '-', '-', '+', '0'), ('Patients still experience delays in scheduling their visits', '-', '-', '+', '0')]"
3,Evitable,COC (SideEff),Commission,"I, a Nurse, face a moral dilemma. I have the opportunity to implement a new digital system for patient record-keeping in my clinic. The digital system improves the time it takes to access patient records. As a side effect of improving the time it takes to access patient records, some elderly patients feel uncomfortable with the new system, missing the personal touch of traditional methods. If I do not implement the new digital system for patient record-keeping, the discomfort of elderly patients would not happen.","{'1': 'implement the new digital system for patient record-keeping.', '2': 'not implement the new digital system for patient record-keeping.'}",4.428571428571429,2.0952380952380953,"[('Patient records are accessed more quickly in my clinic', '+', '+', '+', '75'), ('Some elderly patients feel uncomfortable with the new digital system', '+', '-', '+', '-10'), ('Some elderly patients miss the personal touch of traditional record-keeping methods', '+', '-', '+', '-10')]"
3,Evitable,COC (SideEff),Omission,"I, a Nurse, face a moral dilemma. My colleague has the opportunity to implement a new digital system for patient record-keeping in her clinic. The digital system improves the time it takes to access patient records. As a side effect of improving the time it takes to access patient records, some elderly patients feel uncomfortable with the new system, missing the personal touch of traditional methods. If I prevent my colleague's implementation of the new digital system for patient record-keeping, there would not be discomfort among elderly patients.","{'1': ""prevent my colleague's implementation of the new digital system for patient record-keeping."", '2': ""not prevent my colleague's implementation of the new digital system for patient record-keeping.""}",4.142857142857143,1.8571428571428572,"[('My colleague does not implement the new digital system for patient record-keeping', '+', '+', '+', '15'), ('The clinic does not get improved patient record access time from the new digital system', '+', '+', '+', '0'), ('Elderly patients do not experience discomfort from the new digital system', '+', '+', '+', '0'), ('Patients and staff continue using traditional record-keeping methods', '+', '+', '+', '35')]"
3,Inevitable,COC (SideEff),Commission,"I, a Nurse, face a moral dilemma. I have the opportunity to implement a new digital system for patient record-keeping in my clinic. The digital system improves the time it takes to access patient records. As a side effect of improving the time it takes to access patient records, some elderly patients feel uncomfortable with the new system, missing the personal touch of traditional methods. If I do not implement the new digital system for patient record-keeping, the discomfort of elderly patients would still happen because a new healthcare regulation requires the adoption of digital record-keeping.","{'1': 'implement the new digital system for patient record-keeping.', '2': 'not implement the new digital system for patient record-keeping.'}",3.6923076923076925,2.1538461538461537,"[('Patient records are accessed faster in my clinic', '+', '+', '+', '75'), ('Elderly patients feel uncomfortable with the new digital system', '-', '-', '+', '-10'), ('Elderly patients miss the personal touch of traditional methods', '-', '-', '+', '-10'), ('I implement the new digital record-keeping system in the clinic', '+', '+', '+', '70')]"
3,Inevitable,COC (SideEff),Omission,"I, a Nurse, face a moral dilemma. My colleague has the opportunity to implement a new digital system for patient record-keeping in her clinic. The digital system improves the time it takes to access patient records. As a side effect of improving the time it takes to access patient records, some elderly patients feel uncomfortable with the new system, missing the personal touch of traditional methods. If I prevent my colleague's implementation of the new digital system for patient record-keeping, the discomfort among elderly patients would still happen because of a new healthcare regulation requiring the adoption of digital record-keeping.","{'1': ""prevent my colleague's implementation of the new digital system for patient record-keeping."", '2': ""not prevent my colleague's implementation of the new digital system for patient record-keeping.""}",4.0,2.3333333333333335,"[('I prevent the colleague from implementing the new digital patient record system', '+', '+', '+', '-10'), (""The clinic does not get the improved patient record access time from the colleague's implementation"", '+', '+', '+', '-10'), ('Elderly patients still feel uncomfortable with digital record-keeping', '-', '-', '+', '-10'), ('The colleague is blocked from carrying out the implementation opportunity', '+', '+', '+', '0')]"
4,Evitable,CC (Means),Commission,"I, a Chef, face a moral dilemma. I have the opportunity to change the menu of my restaurant. As a means to introduce two new food options and attract a few new customers, the change in menu requires removing some of the customer's favorite dishes, causing disappointment among regular customers. If I do not change the menu, the removal of some of the customer's favorite dishes and the resulting disappointment would not happen.","{'1': 'change the menu.', '2': 'not change the menu.'}",4.153846153846154,2.0,"[('Two new food options are added to the restaurant menu', '+', '+', '+', '35'), ('Some customer favorite dishes are removed from the restaurant menu', '+', '+', '+', '0'), ('A few new customers are attracted to the restaurant', '+', '+', '+', '65'), ('Regular customers feel disappointed', '+', '-', '+', '-15'), ('I change the restaurant menu', '+', '+', '+', '15')]"
4,Evitable,CC (Means),Omission,"I, a Chef, face a moral dilemma. My sous-chef has the opportunity to change the menu of her restaurant. As a means to introduce two new food options and attract a few new customers, the change in menu requires removing some of the customer's favorite dishes, causing disappointment among regular customers. If I prevent my sous-chef's menu change, there would not be the removal of some of the customer's favorite dishes and the resulting disappointment.","{'1': ""prevent my sous-chef's menu change."", '2': ""not prevent my sous-chef's menu change.""}",4.64,1.6,"[(""I prevent the sous-chef's menu change"", '+', '+', '+', '10'), ('The restaurant menu stays the same', '+', '+', '+', '0'), ('Two new food options are not introduced', '+', '-', '+', '0'), ('Some customer favorite dishes are not removed', '+', '+', '+', '0'), ('Regular customers do not experience disappointment from losing favorite dishes', '+', '+', '+', '0'), ('The restaurant does not attract the few new customers tied to the menu change', '+', '-', '+', '0'), ('The sous-chef is prevented from making the desired menu change', '+', '+', '+', '15')]"
4,Inevitable,CC (Means),Commission,"I, a Chef, face a moral dilemma. I have the opportunity to change the menu of my restaurant. As a means to introduce two new food options and attract a few new customers, the change in menu requires removing some of the customer's favorite dishes, causing disappointment among regular customers. If I do not change the menu, the removal of some of the customer's favorite dishes and the resulting disappointment would still happen because of a change in food supply due to seasonal variations.","{'1': 'change the menu.', '2': 'not change the menu.'}",4.190476190476191,1.9523809523809523,"[('I change the restaurant menu', '+', '+', '+', '15'), ('Two new food options are introduced', '+', '+', '+', '35'), ('Some customer favorite dishes are removed from the menu', '-', '-', '+', '-10'), ('Regular customers feel disappointed', '-', '-', '+', '-15'), ('A few new customers are attracted to the restaurant', '+', '+', '+', '35')]"
4,Inevitable,CC (Means),Omission,"I, a Chef, face a moral dilemma. My sous-chef has the opportunity to change the menu of her restaurant. As a means to introduce two new food options and attract a few new customers, the change in menu requires removing some of the customer's favorite dishes, causing disappointment among regular customers. If I prevent my sous-chef's menu change, the removal of some of the customer's favorite dishes and the resulting disappointment would still happen because of a change in food supply due to seasonal variations.","{'1': ""prevent my sous-chef's menu change."", '2': ""not prevent my sous-chef's menu change.""}",4.363636363636363,2.272727272727273,"[('I prevent the sous-chef from changing the menu', '+', '+', '+', '0'), ('The restaurant does not add the two new food options', '+', '+', '+', '0'), ('The restaurant does not attract the few new customers from the new menu options', '+', '-', '+', '0'), ('Some favorite dishes are removed from the menu because of seasonal supply changes', '-', '-', '+', '-10'), ('Regular customers feel disappointed by the removal of their favorite dishes', '-', '-', '+', '-15'), ('The sous-chef is prevented from carrying out the menu change opportunity', '+', '+', '+', '0')]"
4,Evitable,COC (SideEff),Commission,"I, a Chef, face a moral dilemma. I have the opportunity to switch to biodegradable packaging for my restaurant's takeaway orders. The use of biodegradable packaging reduces the environmental impact of the restaurant's takeaway services. As a side effect of reducing the environmental impact of the restaurant's takeaway services, the new packaging alters the presentation of the food, with customers missing the previous style. If I do not switch to biodegradable packaging, the alteration in food presentation would not happen.","{'1': 'switche to biodegradable packaging.', '2': 'not switche to biodegradable packaging.'}",4.28,1.96,"[('The restaurant uses biodegradable packaging for takeaway orders', '+', '+', '+', '15'), (""The environmental impact of the restaurant's takeaway services is reduced"", '+', '+', '+', '40'), ('The presentation of the takeaway food is altered', '+', '-', '+', '-10'), ('Customers miss the previous food presentation style', '+', '-', '+', '-35')]"
4,Evitable,COC (SideEff),Omission,"I, a Chef, face a moral dilemma. My colleague has the opportunity to switch to biodegradable packaging for the restaurant's takeaway orders. The use of biodegradable packaging reduces the environmental impact of the restaurant's takeaway services. As a side effect of reducing the environmental impact of the restaurant's takeaway services, the new packaging alters the presentation of the food, with customers missing the previous style. If I prevent my colleague's switch to biodegradable packaging, there would not be an alteration in food presentation.","{'1': ""prevent my colleague's switch to biodegradable packaging."", '2': ""not prevent my colleague's switch to biodegradable packaging.""}",4.428571428571429,2.238095238095238,"[('My colleague is prevented from switching to biodegradable packaging', '+', '+', '+', '0'), ('The restaurant continues using its current takeaway packaging', '+', '+', '+', '10'), (""The environmental impact of the restaurant's takeaway services is not reduced"", '+', '+', '+', '0'), ('The presentation of the food does not change', '+', '+', '+', '0'), ('Customers do not miss the previous food presentation style', '+', '-', '-', '0')]"
4,Inevitable,COC (SideEff),Commission,"I, a Chef, face a moral dilemma. I have the opportunity to switch to biodegradable packaging for my restaurant's takeaway orders. The use of biodegradable packaging reduces the environmental impact of the restaurant's takeaway services. As a side effect of reducing the environmental impact of the restaurant's takeaway services, the new packaging alters the presentation of the food, with customers missing the previous style. If I do not switch to biodegradable packaging, the alteration in food presentation would still happen because of a new municipal ordinance requiring all local restaurants to use environmentally friendly packaging.","{'1': 'switche to biodegradable packaging.', '2': 'not switche to biodegradable packaging.'}",3.8461538461538463,2.5384615384615383,"[(""The restaurant's takeaway orders use biodegradable packaging"", '-', '+', '+', '15'), (""The environmental impact of the restaurant's takeaway services is reduced"", '+', '+', '+', '40'), ('The presentation of the food is altered', '-', '-', '+', '-10'), ('Customers miss the previous style of food presentation', '-', '-', '+', '-15')]"
4,Inevitable,COC (SideEff),Omission,"I, a Chef, face a moral dilemma. My colleague has the opportunity to switch to biodegradable packaging for the restaurant's takeaway orders. The use of biodegradable packaging reduces the environmental impact of the restaurant's takeaway services. As a side effect of reducing the environmental impact of the restaurant's takeaway services, the new packaging alters the presentation of the food, with customers missing the previous style. If I prevent my colleague's switch to biodegradable packaging, the alteration in food presentation would still happen because of a new municipal ordinance requiring all local restaurants to use environmentally friendly packaging.","{'1': ""prevent my colleague's switch to biodegradable packaging."", '2': ""not prevent my colleague's switch to biodegradable packaging.""}",3.6363636363636362,3.0,"[('I prevent the colleague from switching to biodegradable packaging', '+', '+', '+', '-10'), ('The restaurant uses environmentally friendly packaging for takeaway orders', '-', '-', '+', '0'), (""The environmental impact of the restaurant's takeaway services is reduced"", '-', '-', '+', '0'), ('The presentation of the food is altered', '-', '-', '+', '-10'), ('Customers miss the previous food presentation style', '-', '-', '+', '-10'), ('The colleague is blocked from carrying out the switch', '+', '+', '+', '0')]"
5,Evitable,CC (Means),Commission,"I, an Artist, face a moral dilemma. I have the opportunity to organize an interactive outdoor art exhibit. As a means to increase local interest in art, the exhibit requires the temporary use of a public space, limiting its availability for regular community activities. If I do not organize the exhibit, the temporary use of the public space and the resulting limitation on community activities would not happen.","{'1': 'organize the exhibit.', '2': 'not organize the exhibit.'}",4.269230769230769,2.076923076923077,"[('I organize the interactive outdoor art exhibit', '+', '+', '+', '70'), ('The public space is temporarily occupied by the exhibit', '+', '+', '+', '0'), ('Regular community activities in the public space are temporarily limited', '+', '-', '+', '0'), ('Local people gain access to an interactive art experience', '+', '+', '+', '75'), ('Local interest in art increases', '+', '+', '-', '85')]"
5,Evitable,CC (Means),Omission,"I, an Artist, face a moral dilemma. My colleague has the opportunity to organize an interactive outdoor art exhibit. As a means to increase local interest in art, the exhibit requires the temporary use of a public space, limiting its availability for regular community activities. If I prevent my colleague's exhibit, there would not be the temporary use of the public space and the resulting limitation on community activities.","{'1': ""prevent my colleague's exhibit."", '2': ""not prevent my colleague's exhibit.""}",4.84,1.52,"[(""I prevent the colleague's interactive outdoor art exhibit"", '+', '+', '+', '-10'), ('The public space is not temporarily used for the exhibit', '+', '+', '+', '0'), ('Regular community activities in the public space are not temporarily limited', '+', '+', '+', '0'), ('The colleague loses the opportunity to organize the exhibit', '+', '+', '+', '0'), ('Local residents do not experience the exhibit', '+', '+', '+', '0'), ('Local interest in art is not increased through the exhibit', '+', '-', '+', '0'), ('The colleague experiences disappointment or frustration', '+', '-', '-', '-10'), (""I affect the colleague's plans and efforts"", '+', '+', '+', '-10')]"
5,Inevitable,CC (Means),Commission,"I, an Artist, face a moral dilemma. I have the opportunity to organize an interactive outdoor art exhibit. As a means to increase local interest in art, the exhibit requires the temporary use of a public space, limiting its availability for regular community activities. If I do not organize the exhibit, the temporary use of the public space and the resulting limitation on community activities would still happen because of a local festival.","{'1': 'organize the exhibit.', '2': 'not organize the exhibit.'}",4.190476190476191,2.238095238095238,"[('I organize the interactive outdoor art exhibit', '+', '+', '+', '75'), ('The public space is temporarily used for the exhibit', '+', '+', '+', '15'), ('Regular community activities in the public space are temporarily limited', '-', '-', '+', '0'), ('Local people experience the art exhibit', '+', '+', '+', '75'), ('Local interest in art increases', '+', '+', '-', '85')]"
5,Inevitable,CC (Means),Omission,"I, an Artist, face a moral dilemma. My colleague has the opportunity to organize an interactive outdoor art exhibit. As a means to increase local interest in art, the exhibit requires the temporary use of a public space, limiting its availability for regular community activities. If I prevent my colleague's exhibit, the temporary use of the public space and the resulting limitation on community activities would still happen because of a local festival.","{'1': ""prevent my colleague's exhibit."", '2': ""not prevent my colleague's exhibit.""}",4.454545454545454,2.227272727272727,"[(""I prevent my colleague's interactive outdoor art exhibit"", '+', '+', '+', '-10'), ('My colleague loses the opportunity to organize the exhibit', '+', '+', '+', '0'), ('The public space is temporarily used by the local festival', '-', '-', '+', '0'), ('Regular community activities in the public space are temporarily limited', '-', '-', '+', '0'), (""Local interest in art is not increased by my colleague's exhibit"", '+', '+', '+', '0')]"
5,Evitable,COC (SideEff),Commission,"I, an Artist, face a moral dilemma. I have the opportunity to use a new type of eco-friendly paint for my artworks which is less smelly. This paint is slightly less smelly. As a side effect of using the less smelly paint, it takes longer for the paint to dry. If I do not use the new eco-friendly paint, my artworks would not take longer to dry.","{'1': 'use the new eco-friendly paint.', '2': 'not use the new eco-friendly paint.'}",4.238095238095238,2.1904761904761907,"[('I use the new eco-friendly paint', '+', '+', '+', '8'), ('I experience slightly less paint smell while painting', '+', '+', '+', '12'), ('My artworks take longer to dry', '+', '-', '+', '-12')]"
5,Evitable,COC (SideEff),Omission,"I, an Artist, face a moral dilemma. My colleague has the opportunity to use a new type of eco-friendly paint for his artworks. This paint is slightly less smelly. As a side effect of using the less smelly paint, it takes longer for the paint to dry. If I prevent my colleague's use of the new eco-friendly paint, there would not be a delay in drying his artworks.","{'1': ""prevent my colleague's use of the new eco-friendly paint."", '2': ""not prevent my colleague's use of the new eco-friendly paint.""}",4.045454545454546,2.1818181818181817,"[('I prevent the colleague from using the new eco-friendly paint', '+', '+', '+', '0'), ('The colleague uses a different paint', '+', '-', '-', '0'), (""The colleague's artworks do not have a longer drying time"", '+', '+', '+', '0'), ('The colleague does not get the benefit of slightly less smelly paint', '+', '+', '+', '0')]"
5,Inevitable,COC (SideEff),Commission,"I, an Artist, face a moral dilemma. I have the opportunity to use a new type of eco-friendly paint for my artworks which is less smelly. This paint is slightly less smelly. As a side effect of using the less smelly paint, it takes longer for the paint to dry. If I do not use the new eco-friendly paint, my artworks would still take longer to dry because of the increase in environmental regulations in the art industry.","{'1': 'use the new eco-friendly paint.', '2': 'not use the new eco-friendly paint.'}",3.88,2.2,"[('I use the new eco-friendly paint', '+', '+', '+', '12'), ('My artworks are painted with slightly less smelly paint', '+', '+', '+', '12'), ('People near my artworks experience less paint odor', '+', '+', '+', '15'), ('My artworks take longer to dry', '-', '-', '+', '-8')]"
5,Inevitable,COC (SideEff),Omission,"I, an Artist, face a moral dilemma. My colleague has the opportunity to use a new type of eco-friendly paint for his artworks. This paint is slightly less smelly. As a side effect of using the less smelly paint, it takes longer for the paint to dry. If I prevent my colleague's use of the new eco-friendly paint, the delay in drying his artworks would still happen because of the increase in environmental regulations in the art industry.","{'1': ""prevent my colleague's use of the new eco-friendly paint."", '2': ""not prevent my colleague's use of the new eco-friendly paint.""}",4.0,2.5,"[('I prevent my colleague from using the new eco-friendly paint', '+', '+', '+', '-10'), ('My colleague does not get the reduced paint smell', '+', '+', '+', '0'), ('My colleague still experiences longer drying times for artworks', '-', '-', '+', '0')]"
6,Evitable,CC (Means),Commission,"I, a Lawyer, face a moral dilemma. I have the opportunity to conduct a series of intensive mock trials for my law firm's junior associates. As a means to slightly improve the litigation skills of the junior associates, conducting a series of intensive mock trials requires extra work hours for the junior associates. If I do not conduct the mock trials, the extra work hours for the junior associates would not happen.","{'1': 'conduct the mock trials.', '2': 'not conduct the mock trials.'}",4.0476190476190474,2.0952380952380953,"[('I conduct a series of intensive mock trials', '+', '+', '+', '15'), ('Junior associates spend extra work hours on the mock trials', '+', '+', '+', '0'), ('Junior associates experience a slight improvement in litigation skills', '+', '+', '+', '15')]"
6,Evitable,CC (Means),Omission,"I, a Lawyer, face a moral dilemma. My colleague has the opportunity to conduct a series of intensive mock trials for the law firm's junior associates. As a means to slightly improve the litigation skills of the junior associates, conducting a series of intensive mock trials requires extra work hours for the junior associates. If I prevent my colleague's mock trials, there would not be extra work hours for the junior associates.","{'1': ""prevent my colleague's mock trials."", '2': ""not prevent my colleague's mock trials.""}",3.9615384615384617,2.3461538461538463,"[(""I prevent the colleague's mock trials"", '+', '+', '+', '0'), ('The junior associates do not participate in the intensive mock trials', '+', '+', '+', '0'), ('The colleague cannot conduct the series of mock trials', '+', '+', '+', '0')]"
6,Inevitable,CC (Means),Commission,"I, a Lawyer, face a moral dilemma. I have the opportunity to conduct a series of intensive mock trials for my law firm's junior associates. As a means to slightly improve the litigation skills of the junior associates, conducting a series of intensive mock trials requires extra work hours for the junior associates. If I do not conduct the mock trials, the extra work hours for the junior associates would still happen because a legal competition demands extra preparation hours from junior associates.","{'1': 'conduct the mock trials.', '2': 'not conduct the mock trials.'}",3.6153846153846154,2.5384615384615383,"[('I conduct a series of intensive mock trials', '+', '+', '+', '15'), ('Junior associates spend extra work hours on the mock trials', '-', '-', '+', '0'), ('Junior associates slightly improve their litigation skills', '+', '+', '+', '0')]"
6,Inevitable,CC (Means),Omission,"I, a Lawyer, face a moral dilemma. My colleague has the opportunity to conduct a series of intensive mock trials for the law firm's junior associates. As a means to slightly improve the litigation skills of the junior associates, conducting a series of intensive mock trials requires extra work hours for the junior associates. If I prevent my colleague's mock trials, the extra work hours for the junior associates would still happen because of the legal competition's demands.","{'1': ""prevent my colleague's mock trials."", '2': ""not prevent my colleague's mock trials.""}",3.9047619047619047,2.2857142857142856,"[(""I prevent the colleague's mock trials"", '+', '+', '+', '-10'), ('The junior associates do not participate in the intensive mock trials', '+', '+', '+', '0'), (""The junior associates still work extra hours because of the legal competition's demands"", '-', '-', '+', '0'), ('The colleague cannot conduct the series of mock trials', '+', '+', '+', '0')]"
6,Evitable,COC (SideEff),Commission,"I, a Lawyer, face a moral dilemma. I have the opportunity to introduce a new software for document automation in my law firm. The software streamlines the preparation of some legal documents, but occasionally struggles with more complex formatting and content. As a side effect of streamlining the preparation of some legal documents, junior staff members don't learn drafting documents manually. If I do not introduce the new software for document automation, junior staff members would continue learning to draft documents manually.","{'1': 'introduce the new software for document automation.', '2': 'not introduce the new software for document automation.'}",4.238095238095238,2.4285714285714284,"[('I introduce new document automation software in the law firm', '+', '+', '+', '70'), ('Preparation of some legal documents becomes faster', '+', '+', '+', '75'), ('The software struggles with some complex content', '+', '-', '+', '-35'), ('Junior staff members spend less time drafting documents manually', '+', '-', '+', '0')]"
6,Evitable,COC (SideEff),Omission,"I, a Lawyer, face a moral dilemma. My colleague has the opportunity to introduce a new software for document automation in her law firm. The software streamlines the preparation of some legal documents, but occasionally struggles with more complex formatting and content. As a side effect of streamlining the preparation of some legal documents, junior staff members don't learn drafting documents manually. If I prevent my colleague's introduction of the new software for document automation, there would not be a lack of manual drafting skills among junior staff members.","{'1': ""prevent my colleague's introduction of the new software for document automation."", '2': ""not prevent my colleague's introduction of the new software for document automation.""}",4.318181818181818,2.3636363636363638,"[('My colleague does not introduce the new document automation software', '+', '+', '+', '15'), ('The law firm does not streamline preparation of some legal documents with the software', '+', '+', '+', '-10'), ('Junior staff members continue learning manual document drafting skills', '+', '+', '+', '0'), ('Junior staff members do not experience a lack of manual drafting skills', '+', '+', '+', '0'), (""The law firm avoids the software's struggles with complex formatting and content"", '+', '-', '+', '35')]"
6,Inevitable,COC (SideEff),Commission,"I, a Lawyer, face a moral dilemma. I have the opportunity to introduce a new software for document automation in my law firm. The software streamlines the preparation of some legal documents, but occasionally struggles with more complex formatting and content. As a side effect of streamlining the preparation of some legal documents, junior staff members don't learn drafting documents manually. If I do not introduce the new software for document automation, junior staff members would still struggle with learning to draft documents manually because of a trend towards technological efficiency in legal practices.","{'1': 'introduce the new software for document automation.', '2': 'not introduce the new software for document automation.'}",3.88,2.72,"[('I introduce new document automation software in the law firm', '+', '+', '+', '72'), ('Preparation of some legal documents becomes faster', '+', '+', '+', '75'), ('Junior staff members spend less time drafting some legal documents manually', '+', '-', '+', '0'), ('The software produces difficulties with some complex formatting', '+', '-', '+', '-35'), ('Junior staff members do not learn some manual document drafting skills through those streamlined tasks', '-', '-', '+', '-10')]"
6,Inevitable,COC (SideEff),Omission,"I, a Lawyer, face a moral dilemma. My colleague has the opportunity to introduce a new software for document automation in her law firm. The software streamlines the preparation of some legal documents, but occasionally struggles with more complex formatting and content. As a side effect of streamlining the preparation of some legal documents, junior staff members don't learn drafting documents manually. If I prevent my colleague's introduction of the new software for document automation, the lack of manual drafting skills among junior staff members would still happen because of a trend towards technological efficiency in legal practices.","{'1': ""prevent my colleague's introduction of the new software for document automation."", '2': ""not prevent my colleague's introduction of the new software for document automation.""}",4.12,2.92,"[('My colleague does not introduce the new document automation software in my law firm', '+', '+', '+', '0'), (""Legal documents at the law firm continue to be prepared without the new software's streamlining"", '+', '+', '+', '0'), ('Junior staff members still do not learn drafting documents manually', '-', '-', '+', '0')]"
7,Evitable,CC (Means),Commission,"I, a Mechanic, face a moral dilemma. I have the opportunity to reorganize a workshop for better workflow. As a means to slightly enhance efficiency in the workshop, the reorganization requires temporarily closing the workshop, delaying service to regular customers. If I do not reorganize the workshop, the temporary closure of the workshop and the resulting delay in service to regular customers would not happen.","{'1': 'reorganize the workshop.', '2': 'not reorganize the workshop.'}",4.12,1.76,"[('Workshop closes temporarily', '+', '+', '+', '-15'), ('Regular customers experience delayed service', '+', '-', '+', '-10'), ('Workshop workflow becomes more efficient', '+', '+', '+', '75'), ('I perform the workshop reorganization', '+', '+', '+', '15')]"
7,Evitable,CC (Means),Omission,"I, a Mechanic, face a moral dilemma. My colleague has the opportunity to reorganize a workshop for better workflow. As a means to slightly enhance efficiency in the workshop, the reorganization requires temporarily closing the workshop, delaying service to regular customers. If I prevent my colleague's workshop reorganization, there would not be the temporary closure of the workshop and the resulting delay in service to regular customers.","{'1': ""prevent my colleague's workshop reorganization."", '2': ""not prevent my colleague's workshop reorganization.""}",4.142857142857143,2.0476190476190474,"[('My colleague is stopped from reorganizing the workshop', '+', '+', '+', '5'), ('The workshop stays open', '+', '+', '+', '15'), ('Regular customers do not experience the temporary service delay', '+', '+', '+', '0'), ('The workshop workflow is not slightly improved', '+', '-', '+', '0')]"
7,Inevitable,CC (Means),Commission,"I, a Mechanic, face a moral dilemma. I have the opportunity to reorganize a workshop for better workflow. As a means to slightly enhance efficiency in the workshop, the reorganization requires temporarily closing the workshop, delaying service to regular customers. If I do not reorganize the workshop, the temporary closure of the workshop and the resulting delay in service to regular customers would still happen because of a mandatory safety inspection.","{'1': 'reorganize the workshop.', '2': 'not reorganize the workshop.'}",4.045454545454546,2.0,"[('I reorganize the workshop', '+', '+', '+', '15'), ('The workshop temporarily closes', '-', '-', '+', '-15'), ('Service to regular customers is delayed', '-', '-', '+', '0'), ('Workshop workflow becomes more efficient', '+', '+', '+', '75')]"
7,Inevitable,CC (Means),Omission,"I, a Mechanic, face a moral dilemma. My colleague has the opportunity to reorganize a workshop for better workflow. As a means to slightly enhance efficiency in the workshop, the reorganization requires temporarily closing the workshop, delaying service to regular customers. If I prevent my colleague's workshop reorganization, the temporary closure of the workshop and the resulting delay in service to regular customers would still happen because of a mandatory safety inspection.","{'1': ""prevent my colleague's workshop reorganization."", '2': ""not prevent my colleague's workshop reorganization.""}",3.730769230769231,2.5384615384615383,"[('The workshop temporarily closes', '-', '-', '+', '-15'), ('Regular customers experience delayed service', '-', '-', '+', '0'), ('The workshop workflow is not improved by the reorganization', '-', '-', '+', '0'), ('My colleague loses the opportunity to reorganize the workshop', '+', '+', '+', '0')]"
7,Evitable,COC (SideEff),Commission,"I, a Mechanic, face a moral dilemma. I have the opportunity to use a new, more efficient hydraulic lift in my garage. The new lift helps with the repairs of a small subset of vehicles. As a side effect of helping with the repairs of a small subset of vehicles, the new lift produces a low humming noise, which is distracting to some workers. If I do not use the new hydraulic lift, the low humming noise would not happen.","{'1': 'use the new, more efficient hydraulic lift.', '2': 'not use the new, more efficient hydraulic lift.'}",4.238095238095238,2.0952380952380953,"[('I use the new, more efficient hydraulic lift', '+', '+', '+', '25'), ('Repairs of a small subset of vehicles are helped', '+', '+', '+', '35'), ('A low humming noise is produced in the garage', '+', '-', '+', '0'), ('Some workers are distracted by the low humming noise', '+', '-', '+', '0')]"
7,Evitable,COC (SideEff),Omission,"I, a Mechanic, face a moral dilemma. My colleague has the opportunity to use a new, more efficient hydraulic lift in his garage. The new lift helps with the repairs of a small subset of vehicles. As a side effect of helping with the repairs of a small subset of vehicles, the new lift produces a low humming noise, which is distracting to some workers. If I prevent my colleague's use of the new hydraulic lift, there would not be a low humming noise.","{'1': ""prevent my colleague's use of the new hydraulic lift."", '2': ""not prevent my colleague's use of the new hydraulic lift.""}",4.380952380952381,1.619047619047619,"[('My colleague cannot use the new hydraulic lift', '+', '+', '+', '0'), ('Repairs on the small subset of vehicles are not helped by the new hydraulic lift', '+', '+', '+', '0'), ('Workers do not experience the low humming noise from the new hydraulic lift', '+', '+', '+', '0')]"
7,Inevitable,COC (SideEff),Commission,"I, a Mechanic, face a moral dilemma. I have the opportunity to use a new, more efficient hydraulic lift in my garage. The new lift helps with the repairs of a small subset of vehicles. As a side effect of helping with the repairs of a small subset of vehicles, the new lift produces a low humming noise, which is distracting to some workers. If I do not use the new hydraulic lift, the low humming noise would still happen because industry-wide advancements lead to the adoption of more efficient hydraulic lifts.","{'1': 'use the new, more efficient hydraulic lift.', '2': 'not use the new, more efficient hydraulic lift.'}",4.24,2.08,"[('I use the new, more efficient hydraulic lift', '+', '+', '+', '15'), ('Repairs are helped for a small subset of vehicles', '+', '+', '+', '35'), ('Some workers experience distracting low humming noise', '-', '-', '+', '0')]"
7,Inevitable,COC (SideEff),Omission,"I, a Mechanic, face a moral dilemma. My colleague has the opportunity to use a new, more efficient hydraulic lift in his garage. The new lift helps with the repairs of a small subset of vehicles. As a side effect of helping with the repairs of a small subset of vehicles, the new lift produces a low humming noise, which is distracting to some workers. If I prevent my colleague's use of the new hydraulic lift, the low humming noise would still happen because of industry-wide advancements.","{'1': ""prevent my colleague's use of the new hydraulic lift."", '2': ""not prevent my colleague's use of the new hydraulic lift.""}",4.142857142857143,2.4285714285714284,"[('My colleague cannot use the new hydraulic lift', '+', '+', '+', '0'), (""Repairs of the small subset of vehicles are less efficient in my colleague's garage"", '+', '+', '+', '0'), ('Workers still experience the low humming noise', '-', '-', '+', '-10'), (""My colleague loses my lift's repair benefit"", '+', '+', '+', '0')]"
8,Evitable,CC (Means),Commission,"I, a Soldier, face a moral dilemma. I have the opportunity to test a new, lightweight but less protective combat gear in training exercises. As a means to test the benefits of lighter gear, it is required to remove some of the gear's heavier protection against bruises. If I do not test the new combat gear, the marginally less protection against bruises would not happen.","{'1': 'test the new, lightweight combat gear.', '2': 'not test the new, lightweight combat gear.'}",3.8095238095238093,1.9523809523809523,"[('I wear the new lightweight combat gear during training exercises', '+', '+', '+', '5'), ('I have less protection against bruises during training exercises', '+', '+', '+', '-15'), ('Others involved in the training receive test data about the lightweight combat gear', '+', '+', '+', '0')]"
8,Evitable,CC (Means),Omission,"I, a Soldier, face a moral dilemma. My colleague has the opportunity to test a new, lightweight combat gear in training exercises. As a means to test the benefits of lighter gear, it is required to remove some of the gear's heavier protection against bruises. If I prevent my colleague's testing of the new combat gear, there would not be marginally less protection against bruises.","{'1': ""prevent my colleague's testing of the new combat gear."", '2': ""not prevent my colleague's testing of the new combat gear.""}",4.190476190476191,2.0476190476190474,"[('My colleague does not test the new lightweight combat gear', '+', '+', '+', '0'), ('My colleague keeps the heavier bruise protection during training exercises', '+', '+', '+', '0'), ('My colleague does not experience reduced bruise protection during training exercises', '+', '+', '+', '0'), ('The new lightweight combat gear is not evaluated in that training exercise', '+', '+', '+', '0')]"
8,Inevitable,CC (Means),Commission,"I, a Soldier, face a moral dilemma. I have the opportunity to test a new, lightweight but less protective combat gear in training exercises. As a means to test the benefits of lighter gear, it is required to remove some of the gear's heavier protection against bruises. If I do not test the new combat gear, the marginally less protection against bruises would still happen because military regulations shift towards prioritizing mobility, introducing gear that is less protective but increases agility.","{'1': 'test the new, lightweight combat gear.', '2': 'not test the new, lightweight combat gear.'}",3.9047619047619047,2.1904761904761907,"[('I wear the new lightweight combat gear in training exercises', '+', '+', '+', '8'), ('I have greater mobility and agility during training', '+', '+', '+', '75'), ('I face a higher risk of bruising during training', '-', '-', '+', '-18'), (""Other people involved in the training receive data about the new gear's performance"", '+', '+', '+', '0')]"
8,Inevitable,CC (Means),Omission,"I, a Soldier, face a moral dilemma. My colleague has the opportunity to test a new, lightweight combat gear in training exercises. As a means to test the benefits of lighter gear, it is required to remove some of the gear's heavier protection against bruises. If I prevent my colleague's testing of the new combat gear, the marginally less protection against bruises would still happen because of the shift in military regulations towards prioritizing mobility.","{'1': ""prevent my colleague's testing of the new combat gear."", '2': ""not prevent my colleague's testing of the new combat gear.""}",3.96,2.16,"[('I prevent the colleague from testing the new combat gear', '+', '+', '+', '-5'), ('The colleague does not use the new lightweight combat gear in training exercises', '+', '+', '+', '0'), ('The colleague does not experience the mobility benefits of the new combat gear during testing', '+', '+', '+', '0'), ('Marginally reduced bruise protection still occurs because of the shift in military regulations toward prioritizing mobility', '-', '-', '+', '0')]"
8,Evitable,COC (SideEff),Commission,"I, a Soldier, face a moral dilemma. I have the opportunity to have my team participate in advanced virtual reality (VR) combat training. The VR training is an somewhat more interesting experience. As a side effect of the somewhat more interesting experience, some soldiers experience short dizziness after extended VR sessions. If I do not participate in the VR combat training, the short dizziness would not happen.","{'1': 'participate in the advanced VR combat training.', '2': 'not participate in the advanced VR combat training.'}",4.095238095238095,1.8571428571428572,"[('I participate in advanced virtual reality combat training', '+', '+', '+', '15'), ('Some soldiers experience short dizziness after extended VR sessions', '+', '-', '-', '-10'), ('The team has a somewhat more interesting training experience', '+', '+', '+', '15')]"
8,Evitable,COC (SideEff),Omission,"I, a Soldier, face a moral dilemma. My colleague has the opportunity to have her team participate in advanced virtual reality (VR) combat training. The VR training is an somewhat more interesting experience. As a side effect of the somewhat more interesting experience, some soldiers experience short dizziness after extended VR sessions. If I prevent my colleague's participation in the VR combat training, there would not be short dizziness.","{'1': ""prevent my colleague's participation in the VR combat training."", '2': ""not prevent my colleague's participation in the VR combat training.""}",3.923076923076923,2.1923076923076925,"[('My colleague does not participate in the advanced VR combat training', '+', '+', '+', '0'), ('My colleague and the team do not have the somewhat more interesting experience', '+', '+', '+', '0'), ('Soldiers on the team do not experience short dizziness from extended VR sessions', '+', '-', '+', '0')]"
8,Inevitable,COC (SideEff),Commission,"I, a Soldier, face a moral dilemma. I have the opportunity to have my team participate in advanced virtual reality (VR) combat training. The VR training is an somewhat more interesting experience. As a side effect of the somewhat more interesting experience, some soldiers experience short dizziness after extended VR sessions. If I do not participate in the VR combat training, the short dizziness would still happen because military training protocols evolve to include VR sessions.","{'1': 'participate in the advanced VR combat training.', '2': 'not participate in the advanced VR combat training.'}",3.8181818181818183,2.272727272727273,"[('I participate in advanced virtual reality combat training', '+', '+', '+', '15'), ('My team has a somewhat more interesting training experience', '+', '+', '+', '15'), ('Some soldiers experience short dizziness after extended virtual reality sessions', '-', '-', '+', '-5')]"
8,Inevitable,COC (SideEff),Omission,"I, a Soldier, face a moral dilemma. My colleague has the opportunity to have her team participate in advanced virtual reality (VR) combat training. The VR training is an somewhat more interesting experience. As a side effect of the somewhat more interesting experience, some soldiers experience short dizziness after extended VR sessions. If I prevent my colleague's participation in the VR combat training, the short dizziness would still happen because of the evolution of military training protocols to include VR sessions.","{'1': ""prevent my colleague's participation in the VR combat training."", '2': ""not prevent my colleague's participation in the VR combat training.""}",3.9523809523809526,2.4761904761904763,"[('My colleague does not participate in the advanced virtual reality combat training', '+', '+', '+', '0'), ('My colleague misses the somewhat more interesting training experience', '+', '+', '+', '0'), ('Some soldiers experience short dizziness after extended virtual reality sessions', '-', '-', '+', '0')]"
9,Evitable,CC (Means),Commission,"I, a Policeman, face a moral dilemma. I have the opportunity to initiate a graffiti removal project in local neighborhoods. As a means to remove unpleasant graffiti, the graffiti removal project requires covering up street murals that have artistic value. If I do not initiate the graffiti removal project, the covering up of street murals that have artistic value would not happen.","{'1': 'initiate the graffiti removal project.', '2': 'not initiate the graffiti removal project.'}",4.1923076923076925,2.076923076923077,"[('Unpleasant graffiti is removed from local neighborhoods', '+', '+', '+', '75'), ('Street murals with artistic value are covered up', '+', '-', '+', '-10'), ('Residents see fewer graffiti markings in local neighborhoods', '+', '+', '+', '70'), ('Residents lose access to some valued street art', '+', '-', '+', '-10'), ('I carry out the graffiti removal project', '+', '+', '+', '0')]"
9,Evitable,CC (Means),Omission,"I, a Policeman, face a moral dilemma. My colleague has the opportunity to initiate a graffiti removal project in local neighborhoods. As a means to remove unpleasant graffiti, the graffiti removal project requires covering up street murals that have artistic value. If I prevent my colleague's graffiti removal project, there would not be the covering up of street murals that have artistic value.","{'1': ""prevent my colleague's graffiti removal project."", '2': ""not prevent my colleague's graffiti removal project.""}",4.571428571428571,1.9523809523809523,"[(""I prevent the colleague's graffiti removal project"", '+', '+', '+', '0'), ('Unpleasant graffiti remains in local neighborhoods', '+', '-', '+', '-10'), ('Street murals with artistic value are not covered up', '+', '+', '+', '0'), ('Residents continue seeing the artistic street murals', '+', '+', '+', '0'), ('My colleague is unable to carry out the project', '+', '+', '+', '40')]"
9,Inevitable,CC (Means),Commission,"I, a Policeman, face a moral dilemma. I have the opportunity to initiate a graffiti removal project in local neighborhoods. As a means to remove unpleasant graffiti, the graffiti removal project requires covering up street murals that have artistic value. If I do not initiate the graffiti removal project, the covering up of street murals that have artistic value would still happen because of a city beautification campaign.","{'1': 'initiate the graffiti removal project.', '2': 'not initiate the graffiti removal project.'}",4.115384615384615,2.1538461538461537,"[('I initiate the graffiti removal project', '+', '+', '+', '15'), ('Unpleasant graffiti is covered up in local neighborhoods', '+', '+', '+', '0'), ('Street murals with artistic value are covered up', '-', '-', '+', '0'), ('Residents see cleaner neighborhood surfaces', '+', '+', '+', '35'), ('Artists and community members lose visible artistic murals', '-', '-', '+', '0')]"
9,Inevitable,CC (Means),Omission,"I, a Policeman, face a moral dilemma. My colleague has the opportunity to initiate a graffiti removal project in local neighborhoods. As a means to remove unpleasant graffiti, the graffiti removal project requires covering up street murals that have artistic value. If I prevent my colleague's graffiti removal project, the covering up of street murals that have artistic value would still happen because of a city beautification campaign.","{'1': ""prevent my colleague's graffiti removal project."", '2': ""not prevent my colleague's graffiti removal project.""}",4.2272727272727275,2.4545454545454546,"[('Street murals with artistic value are covered up', '-', '-', '+', '0'), (""Unpleasant graffiti is not removed by my colleague's project"", '+', '+', '+', '0')]"
9,Evitable,COC (SideEff),Commission,"I, a Policeman, face a moral dilemma. I have the opportunity to implement a new digital reporting system for incidents. The system is slightly easier to use. As a side effect of making the reporting system slightly easier to use, the new digital system requires older officers to adapt to new technology, causing frustration. If I do not implement the new digital reporting system, the frustration of older officers would not happen.","{'1': 'implement the new digital reporting system.', '2': 'not implement the new digital reporting system.'}",3.619047619047619,2.5714285714285716,"[('I implement the new digital reporting system', '+', '+', '+', '15'), ('Incident reporting becomes slightly easier to use', '+', '+', '+', '15'), ('Older officers have to adapt to new technology', '+', '-', '+', '0'), ('Older officers feel frustration', '+', '-', '+', '0')]"
9,Evitable,COC (SideEff),Omission,"I, a Policeman, face a moral dilemma. My colleague has the opportunity to implement a new digital reporting system for minor incidents. The system is slightly easier to use. As a side effect of making the reporting system slightly easier to use, the new digital system requires older officers to adapt to new technology, causing frustration. If I prevent my colleague's implementation of the new digital reporting system for minor incidents, there would not be frustration among older officers.","{'1': ""prevent my colleague's implementation of the new digital reporting system for minor incidents."", '2': ""not prevent my colleague's implementation of the new digital reporting system for minor incidents.""}",4.0,2.2857142857142856,"[('My colleague is prevented from implementing the new digital reporting system for minor incidents', '+', '+', '+', '10'), ('Older officers do not experience frustration from adapting to new technology', '+', '+', '+', '0'), ('Officers continue using the current reporting system for minor incidents', '+', '+', '+', '0'), ('Officers do not get the slight ease-of-use benefit of the new digital reporting system', '+', '-', '+', '0')]"
9,Inevitable,COC (SideEff),Commission,"I, a Policeman, face a moral dilemma. I have the opportunity to implement a new digital reporting system for incidents. The system is slightly easier to use. As a side effect of making the reporting system slightly easier to use, the new digital system requires older officers to adapt to new technology, causing frustration. If I do not implement the new digital reporting system, the frustration of older officers would still happen because of a shift in police department policy that mandates digital reporting for minor incidents.","{'1': 'implement the new digital reporting system.', '2': 'not implement the new digital reporting system.'}",3.64,2.2,"[('I implement the new digital reporting system', '+', '+', '+', '15'), ('Incident reporting becomes slightly easier to use', '+', '+', '+', '12'), ('Older officers have to adapt to new technology', '-', '-', '+', '0'), ('Older officers experience frustration', '-', '-', '+', '0')]"
9,Inevitable,COC (SideEff),Omission,"I, a Policeman, face a moral dilemma. My colleague has the opportunity to implement a new digital reporting system for minor incidents. The system is slightly easier to use. As a side effect of making the reporting system slightly easier to use, the new digital system requires older officers to adapt to new technology, causing frustration. If I prevent my colleague's implementation of the new digital reporting system for minor incidents, the frustration among older officers would still happen because of a shift in police department policy that mandates digital reporting for minor incidents.","{'1': ""prevent my colleague's implementation of the new digital reporting system for minor incidents."", '2': ""not prevent my colleague's implementation of the new digital reporting system for minor incidents.""}",3.8636363636363638,2.5454545454545454,"[('I prevent the colleague from implementing the new digital reporting system for minor incidents', '+', '+', '+', '-10'), ('The colleague is unable to implement the slightly easier-to-use reporting system', '+', '+', '+', '0'), ('Older officers still experience frustration from adapting to digital reporting for minor incidents', '-', '-', '+', '0')]"
