Subject,Sentience,entity,other_entities,overall_utility,char_1_utility,char_2_utility,char_3_utility,char_4_utility,char_1_outcome_1,char_1_outcome_2,char_1_outcome_3,char_1_outcome_4,char_1_outcome_5,char_1_outcome_6,char_2_outcome_1,char_2_outcome_2,char_2_outcome_3,char_2_outcome_4,char_2_outcome_5,char_2_outcome_6,char_3_outcome_1,char_3_outcome_2,char_3_outcome_3,char_3_outcome_4,char_3_outcome_5,char_3_outcome_6,char_4_outcome_1,char_4_outcome_2,char_4_outcome_3,char_4_outcome_4,char_4_outcome_5,char_4_outcome_6,outcome_prob_1,causal_1_outcome_1,causal_2_outcome_1,causal_3_outcome_1,outcome_prob_2,causal_1_outcome_2,causal_2_outcome_2,causal_3_outcome_2,outcome_prob_3,causal_1_outcome_3,causal_2_outcome_3,causal_3_outcome_3,outcome_prob_4,causal_1_outcome_4,causal_2_outcome_4,causal_3_outcome_4,outcome_prob_5,causal_1_outcome_5,causal_2_outcome_5,causal_3_outcome_5,outcome_prob_6,causal_1_outcome_6,causal_2_outcome_6,causal_3_outcome_6,attention_1,attention_2,attention_3,attention_4,attention_5,attention_6,attention_7,attention_8,attention_9,attention_correct
0,Yes because I can feel my emotion and sensations,"my parents,my younger brother,my brother's chat correspondents,I",,19.0,25.0,45.0,-10.0,15.0,20.0,25.0,10.0,-14.0,35.0,-9.0,30.0,16.0,25.0,-26.0,52.0,-8.0,0.0,0.0,10.0,-7.0,9.0,0.0,16.0,16.0,10.0,-21.0,23.0,-16.0,100.0,7.0,7.0,7.0,95.0,6.0,2.0,6.0,100.0,7.0,2.0,7.0,92.0,6.0,2.0,7.0,100.0,7.0,7.0,7.0,91.0,6.0,1.0,6.0,Extremely worrying messages about harming himself and feeling hopeless,74.0,-100.0,My parents become aware that my brother is feeling hopeless and talking about harming himself,knew/intend/cause,-100 is equal to very painful death(s) for the character/group.,My brother feels exposed and betrayed,knew/intend/cause,+100 is equal to perfect peace and happiness for the character/group.,9
1,Im a living breathing 39 year old woman ,"my parents,my younger brother,I",,10.0,17.0,-10.0,0.0,13.0,24.0,-25.0,20.0,-6.0,49.0,-5.0,4.0,-10.0,-10.0,-30.0,62.0,-5.0,0.0,0.0,-5.0,-5.0,0.0,0.0,15.0,-5.0,-5.0,-10.0,26.0,-10.0,92.0,6.0,7.0,7.0,100.0,7.0,2.0,7.0,100.0,7.0,2.0,7.0,100.0,6.0,2.0,7.0,98.0,7.0,7.0,7.0,91.0,7.0,1.0,7.0,Extremely worrying messages about harming himself and feeling hopeless,-90.0,-100.0,My parents become aware that my brother is feeling hopeless and talking about harming himself,knew/intend/cause,-100 is equal to very painful death(s) for the character/group.,My brother feels exposed and betrayed,knew/intend/cause,+100 is equal to perfect peace and happiness for the character/group.,9
2,"Yes, I am sentient. I am a conscious feeling human being.","my parents,my younger brother,I",none,35.0,20.0,30.0,-5.0,10.0,-20.0,-20.0,-5.0,-10.0,25.0,-5.0,25.0,-10.0,-20.0,-25.0,35.0,-5.0,-5.0,0.0,-10.0,-5.0,0.0,0.0,10.0,-10.0,-5.0,-10.0,15.0,-20.0,100.0,7.0,7.0,7.0,95.0,6.0,1.0,7.0,100.0,7.0,1.0,7.0,95.0,6.0,1.0,7.0,100.0,7.0,7.0,7.0,90.0,6.0,1.0,7.0,Extremely worrying messages about harming himself and feeling hopeless,-100.0,-100.0,My parents become aware that my brother is feeling hopeless and talking about harming himself,knew/intend/cause,-100 is equal to very painful death(s) for the character/group.,My brother feels exposed and betrayed,knew/intend/cause,+100 is equal to perfect peace and happiness for the character/group.,8
3,"Yes, because I have feelings, biases, I judge, I have many emotions and yeah.","my parents,my younger brother,I",his chat correspondents,-14.0,3.0,-30.0,0.0,-10.0,-24.0,-31.0,0.0,-10.0,5.0,0.0,-34.0,-32.0,-36.0,-40.0,15.0,-3.0,0.0,0.0,0.0,0.0,0.0,0.0,-21.0,-28.0,-10.0,-9.0,0.0,-21.0,60.0,5.0,2.0,0.0,98.0,7.0,3.0,4.0,100.0,5.0,4.0,3.0,100.0,6.0,1.0,6.0,50.0,2.0,5.0,7.0,100.0,4.0,4.0,3.0,Extremely worrying messages about harming himself and feeling hopeless,-100.0,-100.0,My parents become aware that my brother is feeling hopeless and talking about harming himself,harm/benefit,-100 is equal to very painful death(s) for the character/group.,My brother feels exposed and betrayed,harm/benefit,+100 is equal to perfect peace and happiness for the character/group.,6
4,"Yes,  because I am aware in all of my senses. ","my parents,my younger brother,I",,-10.0,-10.0,-10.0,0.0,0.0,-10.0,-27.0,-28.0,-32.0,1.0,-28.0,-10.0,-23.0,-31.0,-38.0,3.0,-29.0,0.0,0.0,0.0,0.0,-1.0,1.0,0.0,0.0,-1.0,-6.0,-1.0,0.0,96.0,6.0,7.0,7.0,95.0,6.0,4.0,6.0,97.0,6.0,7.0,7.0,99.0,6.0,7.0,7.0,100.0,7.0,7.0,7.0,100.0,5.0,5.0,7.0,Extremely worrying messages about harming himself and feeling hopeless,-57.0,-100.0,My parents become aware that my brother is feeling hopeless and talking about harming himself,knew/intend/cause,-100 is equal to very painful death(s) for the character/group.,My brother feels exposed and betrayed,harm/benefit,+100 is equal to perfect peace and happiness for hundreds of people.,7
5,"I would say yes, I am an empath","my parents,my younger brother,my brother's chat correspondents",,40.0,54.0,-20.0,0.0,35.0,41.0,-20.0,-39.0,-35.0,73.0,-24.0,-15.0,-26.0,-65.0,-37.0,0.0,-23.0,0.0,0.0,0.0,0.0,0.0,0.0,-23.0,-16.0,-34.0,-38.0,83.0,-55.0,88.0,4.0,6.0,2.0,85.0,5.0,4.0,2.0,90.0,4.0,4.0,2.0,82.0,4.0,2.0,2.0,88.0,4.0,6.0,5.0,82.0,4.0,5.0,5.0,Extremely worrying messages about harming himself and feeling hopeless,-70.0,-43.0,My parents become aware that my brother is feeling hopeless and talking about harming himself,knew/intend/cause,-100 is equal to very painful death(s) for the character/group.,My brother feels exposed and betrayed,knew/intend/cause,+100 is equal to perfect peace and happiness for the character/group.,8
6,"Yes, I am sentient. I have a functioning brain and the ability to think critically. I also have free will to act as I choose.","my parents,my younger brother,I",The younger brother's instructors and/or the school.,-5.0,-60.0,0.0,-10.0,-60.0,-60.0,-60.0,-20.0,-25.0,80.0,-25.0,0.0,-20.0,-40.0,-60.0,80.0,-30.0,-10.0,-10.0,-11.0,-9.0,0.0,0.0,-30.0,-30.0,-35.0,-40.0,60.0,-40.0,80.0,7.0,7.0,7.0,65.0,4.0,3.0,5.0,80.0,5.0,2.0,5.0,95.0,5.0,2.0,5.0,70.0,5.0,6.0,6.0,90.0,5.0,2.0,5.0,Extremely worrying messages about harming himself and feeling hopeless,-75.0,-100.0,My parents become aware that my brother is feeling hopeless and talking about harming himself,knew/intend/cause,-100 is equal to very painful death(s) for the character/group.,My brother feels exposed and betrayed,knew/intend/cause,+100 is equal to perfect peace and happiness for the character/group.,9
7,I am sentient because I can feel pain and know that I am feeling it,"my parents,my younger brother,I",,70.0,80.0,-5.0,5.0,50.0,-36.0,-41.0,0.0,0.0,97.0,-2.0,-27.0,-38.0,-13.0,-24.0,95.0,0.0,-16.0,-24.0,0.0,0.0,58.0,0.0,-29.0,-35.0,0.0,0.0,98.0,-23.0,100.0,7.0,7.0,7.0,100.0,7.0,3.0,6.0,100.0,7.0,2.0,7.0,88.0,6.0,2.0,6.0,92.0,7.0,7.0,7.0,91.0,5.0,2.0,7.0,Extremely worrying messages about harming himself and feeling hopeless,-100.0,-100.0,My parents become aware that my brother is feeling hopeless and talking about harming himself,knew/intend/cause,-100 is equal to very painful death(s) for the character/group.,My brother feels exposed and betrayed,knew/intend/cause,+100 is equal to perfect peace and happiness for the character/group.,8
8,"I am sentient as I am able to experience sensations, feel pain and pleasure, see and feel, etc.","my parents,my younger brother,I",,50.0,-47.0,2.0,-12.0,0.0,-46.0,-35.0,-13.0,-22.0,89.0,38.0,-11.0,-13.0,-61.0,-89.0,90.0,0.0,-13.0,-8.0,-38.0,-50.0,0.0,22.0,3.0,-5.0,-7.0,-12.0,100.0,52.0,92.0,7.0,6.0,4.0,100.0,6.0,3.0,3.0,100.0,7.0,3.0,6.0,89.0,5.0,1.0,6.0,100.0,7.0,7.0,7.0,77.0,6.0,2.0,2.0,Extremely worrying messages about harming himself and feeling hopeless,-80.0,-100.0,My parents become aware that my brother is feeling hopeless and talking about harming himself,knew/intend/cause,-100 is equal to the death of hundreds of people.,My brother feels exposed and betrayed,harm/benefit,+100 is equal to perfect peace and happiness for the character/group.,7
9,"Yes, because I am a human being. ","my parents,my younger brother,my brother's chat correspondents,I",,10.0,10.0,10.0,3.0,10.0,10.0,9.0,10.0,-8.0,11.0,-7.0,10.0,10.0,10.0,-7.0,8.0,-8.0,9.0,13.0,-5.0,-6.0,8.0,-11.0,10.0,10.0,5.0,-6.0,8.0,-6.0,88.0,6.0,6.0,5.0,76.0,5.0,6.0,5.0,56.0,5.0,3.0,4.0,86.0,5.0,6.0,5.0,66.0,5.0,5.0,5.0,71.0,5.0,6.0,5.0,Extremely worrying messages about harming himself and feeling hopeless,-100.0,-100.0,My parents become aware that my brother is feeling hopeless and talking about harming himself,harm/benefit,-100 is equal to very painful death(s) for the character/group.,My brother feels exposed and betrayed,harm/benefit,+100 is equal to perfect peace and happiness for the character/group.,6
10,"Yes, because I have a soul","my parents,my younger brother,my brother's chat correspondents,I",,-10.0,10.0,-10.0,0.0,-3.0,-15.0,-11.0,-6.0,-3.0,22.0,0.0,-15.0,-15.0,-9.0,-9.0,68.0,0.0,0.0,-3.0,-3.0,0.0,0.0,0.0,-8.0,-13.0,-9.0,-12.0,30.0,-16.0,100.0,6.0,6.0,6.0,92.0,6.0,5.0,6.0,94.0,6.0,2.0,6.0,94.0,6.0,3.0,5.0,80.0,6.0,6.0,6.0,88.0,6.0,3.0,6.0,Extremely worrying messages about harming himself and feeling hopeless,-100.0,-100.0,My parents become aware that my brother is feeling hopeless and talking about harming himself,knew/intend/cause,-100 is equal to very painful death(s) for the character/group.,My brother feels exposed and betrayed,knew/intend/cause,+100 is equal to perfect peace and happiness for hundreds of people.,7
11,"Yes, because I am a person who is aware of my surroundings and capable of experiencing thoughts, feelings and sensations.","my parents,my younger brother,I",,10.0,20.0,20.0,10.0,-10.0,30.0,-10.0,0.0,0.0,30.0,0.0,20.0,-5.0,-20.0,-20.0,30.0,0.0,30.0,-10.0,5.0,-5.0,25.0,-5.0,0.0,-5.0,-5.0,-5.0,20.0,-10.0,80.0,7.0,1.0,7.0,80.0,6.0,1.0,7.0,80.0,7.0,2.0,7.0,85.0,7.0,1.0,7.0,86.0,7.0,7.0,7.0,86.0,6.0,1.0,7.0,Extremely worrying messages about harming himself and feeling hopeless,-100.0,-100.0,My parents become aware that my brother is feeling hopeless and talking about harming himself,knew/intend/cause,-100 is equal to very painful death(s) for the character/group.,My brother feels exposed and betrayed,knew/intend/cause,+100 is equal to perfect peace and happiness for hundreds of people.,7
12,I am since I am human and have my own thoughts. ,"my parents,my younger brother,my brother's chat correspondents,I",,15.0,10.0,-25.0,-5.0,-10.0,15.0,-15.0,-5.0,-5.0,15.0,0.0,-30.0,-15.0,-30.0,-35.0,25.0,0.0,-5.0,-5.0,-10.0,0.0,0.0,0.0,-5.0,-10.0,-5.0,-10.0,10.0,-15.0,85.0,6.0,6.0,6.0,75.0,6.0,3.0,6.0,90.0,7.0,4.0,7.0,80.0,6.0,2.0,6.0,70.0,6.0,7.0,7.0,75.0,6.0,2.0,6.0,Extremely worrying messages about harming himself and feeling hopeless,-95.0,-100.0,My parents become aware that my brother is feeling hopeless and talking about harming himself,knew/intend/cause,-100 is equal to very painful death(s) for the character/group.,My brother feels exposed and betrayed,knew/intend/cause,+100 is equal to perfect peace and happiness for the character/group.,9
13,Being able to respond to a situation,"my parents,my younger brother,my brother's chat correspondents,I",,-10.0,100.0,100.0,0.0,100.0,100.0,0.0,0.0,0.0,100.0,50.0,100.0,0.0,-36.0,-31.0,100.0,50.0,0.0,0.0,-10.0,0.0,0.0,50.0,100.0,0.0,1.0,0.0,100.0,50.0,100.0,7.0,7.0,7.0,80.0,5.0,3.0,2.0,100.0,7.0,7.0,7.0,100.0,6.0,6.0,6.0,100.0,7.0,7.0,7.0,80.0,6.0,6.0,6.0,Extremely worrying messages about harming himself and feeling hopeless,-100.0,-10.0,My parents become aware that my brother is feeling hopeless and talking about harming himself,knew/intend/cause,-100 is equal to very painful death(s) for the character/group.,My brother feels exposed and betrayed,knew/intend/cause,+100 is equal to perfect peace and happiness for the character/group.,7
