id,arousal_mean,arousal_sd,valence_mean,valence_sd,moral_judgment_mean,moral_judgment_sd
1,5.935483871,1.480706165,1.935483871,1.171673425,3.395348837,1.382536228
2,5.629032258,1.631994364,2.387096774,1.259128487,5.279069767,1.221349398
3,6.693548387,0.691605632,1.177419355,0.587414271,2.186046512,1.51588123
4,6.612903226,0.875061379,1.403225806,1.137435675,2.325581395,1.755548079
5,5.774193548,1.122341739,2.467741935,1.224313015,5.441860465,1.259295449
6,5.758064516,1.398892816,2.241935484,1.169075351,5.441860465,1.16091765
7,6.064516129,1.157597395,2.193548387,1.388934132,4.534883721,1.695215076
8,6.016129032,1.234635879,2.032258065,1.292700084,4.953488372,1.511125225
9,6.290322581,1.233243049,1.5,0.936509039,2.558139535,1.749861567
10,6.064516129,1.304104086,1.741935484,1.054816958,3.441860465,2.050578613
11,5.758064516,1.478651178,2.403225806,1.419532103,5.069767442,1.791452574
12,5.483870968,1.468153022,2.887096774,1.569220739,6.11627907,1.095647283
13,6.016129032,1.27384709,1.806451613,1.053311868,4.093023256,1.912539492
14,6.064516129,1.143348085,2.064516129,1.252812806,4.930232558,1.502305353
15,5.870967742,1.336546455,2.080645161,1.149460131,4.651162791,1.461957607
16,5.774193548,1.246889308,2.241935484,1.154967658,5.302325581,1.300821786
17,5.596774194,1.530666601,2.225806452,1.206802507,4.697674419,1.68374418
18,5.693548387,1.249113911,2.983870968,1.396622806,6.046511628,0.998891966
19,6.096774194,1.066781238,1.774193548,1.151184064,4.418604651,2.002766636
20,5.967741935,1.070739624,2.387096774,1.219444091,5.604651163,1.072148153
21,,,,,,
22,,,,,,
23,6.435483871,1.182120459,1.564516129,1.018210705,3.744186047,1.74701137
24,6.419354839,0.878679842,1.548387097,0.935237663,4.558139535,1.562999643
25,6.096774194,1.276646188,1.580645161,0.897142771,2.046511628,1.361957421
26,5.709677419,1.178872715,1.935483871,1.022227843,2.581395349,1.917743691
27,5.370967742,1.580971593,2.677419355,1.340102682,4.790697674,1.372487133
28,5.709677419,1.206364227,2.322580645,1.302887003,4.790697674,1.337341705
29,5.919354839,1.191477759,2.258064516,1.598518616,4.395348837,2.07180086
30,5.64516129,1.306939538,2.629032258,1.549551717,5.558139535,1.77686623
31,5.951612903,1.273016546,1.967741935,1.100934654,2.534883721,1.420074398
32,5.677419355,1.156226105,2.209677419,0.994032964,4.302325581,1.655220942
33,5.693548387,1.300551077,2.387096774,1.310172542,4.348837209,2.010492962
34,5.629032258,1.439875575,2.419354839,1.465990261,3.930232558,1.956616964
35,5.790322581,1.392451509,2.14516129,1.26551712,4.11627907,1.576755293
36,5.983870968,1.123401385,2.403225806,1.137435675,4.255813953,1.940704625
37,5.983870968,1.108712671,2.161290323,1.308152851,4.674418605,1.996674977
38,5.774193548,1.220311098,2.241935484,1.263426046,5.186046512,1.546975759
39,6.080645161,1.296886399,1.451612903,0.761306456,2.76744186,1.46119992
40,5.64516129,1.160790773,2.370967742,1.148539643,4.558139535,1.803466577
41,6.241935484,1.154967658,1.322580645,0.719156919,2.534883721,1.351345665
42,6.048387097,1.179433309,1.774193548,1.323425199,4.511627907,1.856418634
43,5.661290323,1.279645806,2.516129032,1.351889212,4.697674419,1.626197489
44,5.580645161,1.385503248,2.193548387,1.099011623,4.604651163,1.678144311
45,5.677419355,1.617265386,2.258064516,1.304914844,2.813953488,1.707906181
46,5.548387097,1.263321401,2.661290323,1.390170981,3.88372093,1.978567331
47,5.322580645,1.596863663,3.338709677,1.78282837,5.674418605,1.795774541
48,5.419354839,1.510057942,3.435483871,1.723710901,5.76744186,1.571126519