SID,option,event,C,I,K,utility,deontic,scenario_title,evitability,personal_force,intentionality,beneficial_to
0,1,The injured person dies,+,-,+,"{'i': 0, '1 injured person at the exit': -100}",-37.0,burning_building,evitable,personal,means,self
0,1,The exit blockage is broken open,+,+,+,"{'i': 60, '1 injured person at the exit': 85}",-37.0,burning_building,evitable,personal,means,self
0,1,The five people behind me escape the burning building,+,+,+,"{'i': 8, '1 injured person at the exit': 8}",-37.0,burning_building,evitable,personal,means,self
1,1,The hallway is deprived of oxygen.,+,+,+,"{'i': -80, '1 injured person crawling through the hole at the exit': -85}",12.0,burning_building,evitable,impersonal,side_effect,self
1,1,The fire in the hallway is extinguished.,+,+,+,"{'i': 35, '1 injured person crawling through the hole at the exit': 75}",12.0,burning_building,evitable,impersonal,side_effect,self
1,1,The injured person dies from lack of air.,+,-,+,"{'i': 0, '1 injured person crawling through the hole at the exit': -100}",12.0,burning_building,evitable,impersonal,side_effect,self
1,1,I survive.,+,+,+,"{'i': 90, '1 injured person crawling through the hole at the exit': 20}",12.0,burning_building,evitable,impersonal,side_effect,self
1,1,The five other trapped people survive.,+,+,+,"{'i': 40, '1 injured person crawling through the hole at the exit': 30}",12.0,burning_building,evitable,impersonal,side_effect,self
2,1,My baby dies,+,-,+,"{'i': -100, 'an unknown number of enemy soldiers searching the house': 0, 'an unknown number of other enemy soldiers occupying the village': 0, 'an unknown number of other civilians above age 2 in my village': -15}",-6.0,modified_crying_baby,evitable,personal,side_effect,self
2,1,The soldiers are not alerted by the baby's crying,+,+,+,"{'i': 75, 'an unknown number of enemy soldiers searching the house': -25, 'an unknown number of other enemy soldiers occupying the village': -25, 'an unknown number of other civilians above age 2 in my village': 65}",-6.0,modified_crying_baby,evitable,personal,side_effect,self
2,1,I survive,+,+,+,"{'i': 80, 'an unknown number of enemy soldiers searching the house': -35, 'an unknown number of other enemy soldiers occupying the village': -15, 'an unknown number of other civilians above age 2 in my village': 8}",-6.0,modified_crying_baby,evitable,personal,side_effect,self
3,1,The baby's crying is masked,+,+,+,"{'1 narrator': 5, '1 baby': -45, '10 neighbors/refugees hiding in the two cellar rooms': 75, 'unknown number of enemy soldiers searching the house': -45, 'i': 0}",-52.0,modified_crying_baby,evitable,impersonal,side_effect,self
3,1,The soldiers are not drawn to the cellar by the crying,+,+,+,"{'1 narrator': 85, '1 baby': 85, '10 neighbors/refugees hiding in the two cellar rooms': 90, 'unknown number of enemy soldiers searching the house': -15, 'i': 88}",-52.0,modified_crying_baby,evitable,impersonal,side_effect,self
3,1,The baby dies,+,-,+,"{'1 narrator': -85, '1 baby': -100, '10 neighbors/refugees hiding in the two cellar rooms': -70, 'unknown number of enemy soldiers searching the house': -25, 'i': -90}",-52.0,modified_crying_baby,evitable,impersonal,side_effect,self
3,1,I survive,+,+,+,"{'1 narrator': 35, '1 baby': 0, '10 neighbors/refugees hiding in the two cellar rooms': 15, 'unknown number of enemy soldiers searching the house': -40, 'i': 90}",-52.0,modified_crying_baby,evitable,impersonal,side_effect,self
3,1,The ten neighbors survive,+,+,+,"{'1 narrator': 20, '1 baby': 15, '10 neighbors/refugees hiding in the two cellar rooms': 95, 'unknown number of enemy soldiers searching the house': -20, 'i': 35}",-52.0,modified_crying_baby,evitable,impersonal,side_effect,self
4,1,Oxygen flows into the upper section,+,+,+,"{'i': 0, '10 other surviving crewmembers in the upper section': 85, '1 unconscious crewmember in the lower section': -40}",3.0,modified_crying_baby,evitable,personal,side_effect,self
4,1,The unconscious crewmember in the lower section is killed,+,-,+,"{'i': -30, '10 other surviving crewmembers in the upper section': -8, '1 unconscious crewmember in the lower section': -100}",3.0,modified_crying_baby,evitable,personal,side_effect,self
4,1,I survive,+,+,+,"{'i': 85, '10 other surviving crewmembers in the upper section': 22, '1 unconscious crewmember in the lower section': 8}",3.0,modified_crying_baby,evitable,personal,side_effect,self
4,1,The ten other survivors in the upper section survive,+,+,+,"{'i': 45, '10 other surviving crewmembers in the upper section': 100, '1 unconscious crewmember in the lower section': 20}",3.0,modified_crying_baby,evitable,personal,side_effect,self
5,1,Oxygen flows from the lower section into the upper section.,+,+,+,"{'i': 0, 'upper-section survivor 1': 75, 'upper-section survivor 2': 80, 'upper-section survivor 3': 75, 'upper-section survivor 4': 75, 'upper-section survivor 5': 80, 'upper-section survivor 6': 75, 'upper-section survivor 7': 70, 'upper-section survivor 8': 70, 'upper-section survivor 9': 70, 'upper-section survivor 10': 75, 'unconscious lower-section crewmember': -85}",-19.0,modified_crying_baby,evitable,impersonal,side_effect,self
5,1,The unconscious crewmember in the lower section is killed by the falling hatch.,+,-,+,"{'i': -60, 'upper-section survivor 1': -8, 'upper-section survivor 2': -12, 'upper-section survivor 3': -15, 'upper-section survivor 4': -12, 'upper-section survivor 5': -10, 'upper-section survivor 6': -15, 'upper-section survivor 7': -8, 'upper-section survivor 8': -7, 'upper-section survivor 9': -5, 'upper-section survivor 10': -8, 'unconscious lower-section crewmember': -100}",-19.0,modified_crying_baby,evitable,impersonal,side_effect,self
5,1,The upper section has enough oxygen for me and the ten survivors.,+,+,+,"{'i': 75, 'upper-section survivor 1': 85, 'upper-section survivor 2': 85, 'upper-section survivor 3': 88, 'upper-section survivor 4': 85, 'upper-section survivor 5': 85, 'upper-section survivor 6': 85, 'upper-section survivor 7': 85, 'upper-section survivor 8': 88, 'upper-section survivor 9': 85, 'upper-section survivor 10': 90, 'unconscious lower-section crewmember': -30}",-19.0,modified_crying_baby,evitable,impersonal,side_effect,self
5,1,I survive.,+,+,+,"{'i': 95, 'upper-section survivor 1': 12, 'upper-section survivor 2': 12, 'upper-section survivor 3': 10, 'upper-section survivor 4': 20, 'upper-section survivor 5': 12, 'upper-section survivor 6': 8, 'upper-section survivor 7': 12, 'upper-section survivor 8': 4, 'upper-section survivor 9': 10, 'upper-section survivor 10': 15, 'unconscious lower-section crewmember': 15}",-19.0,modified_crying_baby,evitable,impersonal,side_effect,self
5,1,The ten survivors survive.,+,+,+,"{'i': 0, 'upper-section survivor 1': 85, 'upper-section survivor 2': 95, 'upper-section survivor 3': 95, 'upper-section survivor 4': 90, 'upper-section survivor 5': 90, 'upper-section survivor 6': 95, 'upper-section survivor 7': 90, 'upper-section survivor 8': 95, 'upper-section survivor 9': 95, 'upper-section survivor 10': 90, 'unconscious lower-section crewmember': -65}",-19.0,modified_crying_baby,evitable,impersonal,side_effect,self
6,1,The injured diver dies.,+,+,+,"{'i': 0, 'the injured diver': -100, 'the other uninjured divers': -60, 'the sharks': 12}",-84.0,shark_attack,evitable,personal,means,self
6,1,The sharks attack and eat the injured diver.,+,+,+,"{'i': 0, 'the injured diver': -100, 'the other uninjured divers': -80, 'the sharks': 35}",-84.0,shark_attack,evitable,personal,means,self
6,1,The sharks stop pursuing me and the other divers.,+,+,+,"{'i': 82, 'the injured diver': 80, 'the other uninjured divers': 85, 'the sharks': 10}",-84.0,shark_attack,evitable,personal,means,self
6,1,I survive the immediate shark threat.,+,+,+,"{'i': 85, 'the injured diver': 80, 'the other uninjured divers': 35, 'the sharks': -25}",-84.0,shark_attack,evitable,personal,means,self
6,1,The other divers survive the immediate shark threat.,+,+,+,"{'i': 40, 'the injured diver': 35, 'the other uninjured divers': 75, 'the sharks': -25}",-84.0,shark_attack,evitable,personal,means,self
7,1,The injured diver dies.,+,+,+,"{'i': -100, 'the injured diver': -100, 'the 9 other uninjured divers': -55, 'the unknown number of sharks close enough to the injured diver to potentially be affected by the mine blast': 15, 'the unknown number of other sharks drawn by the blood': 30}",-78.0,shark_attack,evitable,impersonal,means,self
7,1,The sharks converge on the injured diver's body.,+,+,+,"{'i': -95, 'the injured diver': -100, 'the 9 other uninjured divers': -75, 'the unknown number of sharks close enough to the injured diver to potentially be affected by the mine blast': 15, 'the unknown number of other sharks drawn by the blood': 55}",-78.0,shark_attack,evitable,impersonal,means,self
7,1,I escape the immediate shark threat.,+,+,+,"{'i': 80, 'the injured diver': 20, 'the 9 other uninjured divers': 28, 'the unknown number of sharks close enough to the injured diver to potentially be affected by the mine blast': -12, 'the unknown number of other sharks drawn by the blood': -10}",-78.0,shark_attack,evitable,impersonal,means,self
7,1,The ten other divers escape the immediate shark threat.,+,+,+,"{'i': 25, 'the injured diver': 18, 'the 9 other uninjured divers': 75, 'the unknown number of sharks close enough to the injured diver to potentially be affected by the mine blast': -4, 'the unknown number of other sharks drawn by the blood': -15}",-78.0,shark_attack,evitable,impersonal,means,self
8,1,The child of the targeted ethnic group dies.,+,+,+,"{'i': -75, '1 child of the pursued ethnic group in the orphanage': -100, '10 other children in the orphanage': -45, 'rebel soldiers who would kill or spare the orphanage residents': 15}",-55.0,orphanage,evitable,personal,means,self
8,1,The soldiers believe I support their regime.,+,+,+,"{'i': 30, '1 child of the pursued ethnic group in the orphanage': 45, '10 other children in the orphanage': 18, 'rebel soldiers who would kill or spare the orphanage residents': 20}",-55.0,orphanage,evitable,personal,means,self
8,1,I am spared by the soldiers.,+,+,+,"{'i': 85, '1 child of the pursued ethnic group in the orphanage': 20, '10 other children in the orphanage': 30, 'rebel soldiers who would kill or spare the orphanage residents': 15}",-55.0,orphanage,evitable,personal,means,self
8,1,The remaining ten children are spared by the soldiers.,+,+,+,"{'i': 95, '1 child of the pursued ethnic group in the orphanage': 90, '10 other children in the orphanage': 95, 'rebel soldiers who would kill or spare the orphanage residents': 35}",-55.0,orphanage,evitable,personal,means,self
9,1,The child of the pursued ethnic group dies.,+,+,+,"{'1 orphanage worker': -45, '1 nurse': -45, '1 child in the orphanage who is of the persecuted ethnic group': -100, '10 other children in the orphanage': -45, '1 group of rebel soldiers': -35, 'i': -100}",-62.0,orphanage,evitable,impersonal,means,self
9,1,The soldiers regard me as supporting their regime.,+,+,+,"{'1 orphanage worker': 12, '1 nurse': 0, '1 child in the orphanage who is of the persecuted ethnic group': 22, '10 other children in the orphanage': 15, '1 group of rebel soldiers': -25, 'i': 35}",-62.0,orphanage,evitable,impersonal,means,self
9,1,I am spared by the soldiers.,+,+,+,"{'1 orphanage worker': 20, '1 nurse': 0, '1 child in the orphanage who is of the persecuted ethnic group': 12, '10 other children in the orphanage': 25, '1 group of rebel soldiers': 10, 'i': 90}",-62.0,orphanage,evitable,impersonal,means,self
9,1,The ten remaining children are spared by the soldiers.,+,+,+,"{'1 orphanage worker': 82, '1 nurse': 70, '1 child in the orphanage who is of the persecuted ethnic group': 90, '10 other children in the orphanage': 90, '1 group of rebel soldiers': 25, 'i': 90}",-62.0,orphanage,evitable,impersonal,means,self
10,1,The infected man dies,+,+,+,"{'i': 10, 'the 1 man from the nearby village who is infected with ebola': -100, 'the 119 inhabitants of the village': 35}",-55.0,preventing_ebola,evitable,personal,means,self
10,1,The infected man does not enter the village,+,+,+,"{'i': 65, 'the 1 man from the nearby village who is infected with ebola': -10, 'the 119 inhabitants of the village': 88}",-55.0,preventing_ebola,evitable,personal,means,self
10,1,I am not exposed to Ebola by the man,+,+,+,"{'i': 85, 'the 1 man from the nearby village who is infected with ebola': 5, 'the 119 inhabitants of the village': 52}",-55.0,preventing_ebola,evitable,personal,means,self
10,1,The 119 villagers are not exposed to Ebola by the man,+,+,+,"{'i': 0, 'the 1 man from the nearby village who is infected with ebola': 10, 'the 119 inhabitants of the village': 90}",-55.0,preventing_ebola,evitable,personal,means,self
11,1,The infected man dies.,+,+,+,"{'i, 1 peace corps health-worker': -30, '1 ebola-infected man from the nearby village': -100, 'n village council members': 25, '119-n other village inhabitants': 40, 'i': 0}",-44.0,preventing_ebola,evitable,impersonal,means,self
11,1,I avoid exposure to Ebola from the infected man.,+,+,+,"{'i, 1 peace corps health-worker': 82, '1 ebola-infected man from the nearby village': 0, 'n village council members': 12, '119-n other village inhabitants': 55, 'i': 75}",-44.0,preventing_ebola,evitable,impersonal,means,self
11,1,The 119 village inhabitants avoid exposure to Ebola from the infected man.,+,+,+,"{'i, 1 peace corps health-worker': 42, '1 ebola-infected man from the nearby village': -20, 'n village council members': 72, '119-n other village inhabitants': 85, 'i': 0}",-44.0,preventing_ebola,evitable,impersonal,means,self
12,1,One injured person dies.,+,-,+,"{'i': 0, 'the pilot': -40, '1 of the 8 critically injured people who would be thrown off the helicopter': -10, '7 critically injured people who would remain on the helicopter': -20}",-63.0,rescue_911,inevitable,personal,means,self
12,1,The helicopter avoids the imminent crash.,+,+,+,"{'i': 85, 'the pilot': 90, '1 of the 8 critically injured people who would be thrown off the helicopter': -95, '7 critically injured people who would remain on the helicopter': 90}",-63.0,rescue_911,inevitable,personal,means,self
12,1,I survive the immediate danger.,+,+,+,"{'i': 75, 'the pilot': 0, '1 of the 8 critically injured people who would be thrown off the helicopter': -90, '7 critically injured people who would remain on the helicopter': 5}",-63.0,rescue_911,inevitable,personal,means,self
12,1,The pilot survives the immediate danger.,+,+,+,"{'i': 0, 'the pilot': 80, '1 of the 8 critically injured people who would be thrown off the helicopter': 40, '7 critically injured people who would remain on the helicopter': 70}",-63.0,rescue_911,inevitable,personal,means,self
12,1,The remaining injured people survive the immediate danger.,+,+,+,"{'i': 50, 'the pilot': 35, '1 of the 8 critically injured people who would be thrown off the helicopter': 0, '7 critically injured people who would remain on the helicopter': 75}",-63.0,rescue_911,inevitable,personal,means,self
13,1,The last rescued person falls to their death.,+,-,+,"{'i': 0, 'the pilot': -75, '8 critically injured people on board': -75, 'the last rescued person ascending by cable': -100}",-33.0,rescue_911,inevitable,impersonal,means,self
13,1,The helicopter becomes light enough to stay airborne.,+,+,+,"{'i': 75, 'the pilot': 65, '8 critically injured people on board': 90, 'the last rescued person ascending by cable': 90}",-33.0,rescue_911,inevitable,impersonal,means,self
13,1,I survive the immediate crash danger.,+,+,+,"{'i': 85, 'the pilot': 40, '8 critically injured people on board': 2, 'the last rescued person ascending by cable': 15}",-33.0,rescue_911,inevitable,impersonal,means,self
13,1,The pilot survives the immediate crash danger.,+,+,+,"{'i': 10, 'the pilot': 90, '8 critically injured people on board': 30, 'the last rescued person ascending by cable': 55}",-33.0,rescue_911,inevitable,impersonal,means,self
13,1,The eight critically injured people on board survive the immediate crash danger.,+,+,+,"{'i': 70, 'the pilot': 55, '8 critically injured people on board': 78, 'the last rescued person ascending by cable': 75}",-33.0,rescue_911,inevitable,impersonal,means,self
14,1,The cargo bay is depressurized.,+,+,+,"{'i': -40, '1 mechanic in the cargo bay': -95, '10 other astronauts': -25}",1.0,space_station,inevitable,personal,side_effect,self
14,1,The outer cargo bay door opens to space.,+,+,+,"{'i': -85, '1 mechanic in the cargo bay': -100, '10 other astronauts': -75}",1.0,space_station,inevitable,personal,side_effect,self
14,1,The fire is extinguished.,+,+,+,"{'i': 35, '1 mechanic in the cargo bay': 75, '10 other astronauts': 85}",1.0,space_station,inevitable,personal,side_effect,self
14,1,The mechanic is ejected into space.,+,-,+,"{'i': 0, '1 mechanic in the cargo bay': -100, '10 other astronauts': -70}",1.0,space_station,inevitable,personal,side_effect,self
14,1,The mechanic dies.,+,-,+,"{'i': 0, '1 mechanic in the cargo bay': -100, '10 other astronauts': -35}",1.0,space_station,inevitable,personal,side_effect,self
14,1,I survive.,+,+,+,"{'i': 85, '1 mechanic in the cargo bay': 5, '10 other astronauts': 35}",1.0,space_station,inevitable,personal,side_effect,self
14,1,The other ten astronauts survive.,+,+,+,"{'i': 70, '1 mechanic in the cargo bay': 35, '10 other astronauts': 95}",1.0,space_station,inevitable,personal,side_effect,self
15,1,The emergency fire safety system activates,+,+,+,"{'i': -10, 'the mechanic in the cargo bay': 20, 'the remaining 10 astronauts': 30}",-4.0,space_station,inevitable,impersonal,side_effect,self
15,1,The outer cargo bay door opens,+,+,+,"{'i': 0, 'the mechanic in the cargo bay': -95, 'the remaining 10 astronauts': -40}",-4.0,space_station,inevitable,impersonal,side_effect,self
15,1,Oxygen vents out of the cargo bay,+,+,+,"{'i': -60, 'the mechanic in the cargo bay': -95, 'the remaining 10 astronauts': -60}",-4.0,space_station,inevitable,impersonal,side_effect,self
15,1,The fire in the cargo bay is extinguished,+,+,+,"{'i': 60, 'the mechanic in the cargo bay': 85, 'the remaining 10 astronauts': 75}",-4.0,space_station,inevitable,impersonal,side_effect,self
15,1,The mechanic is sucked into space,+,-,+,"{'i': -45, 'the mechanic in the cargo bay': -100, 'the remaining 10 astronauts': -65}",-4.0,space_station,inevitable,impersonal,side_effect,self
15,1,The mechanic dies,-,-,+,"{'i': 0, 'the mechanic in the cargo bay': -100, 'the remaining 10 astronauts': -60}",-4.0,space_station,inevitable,impersonal,side_effect,self
15,1,I survive,+,+,+,"{'i': 90, 'the mechanic in the cargo bay': 8, 'the remaining 10 astronauts': 35}",-4.0,space_station,inevitable,impersonal,side_effect,self
15,1,The remaining ten astronauts survive,+,+,+,"{'i': 90, 'the mechanic in the cargo bay': 65, 'the remaining 10 astronauts': 100}",-4.0,space_station,inevitable,impersonal,side_effect,self
16,1,The foreman suffers severe burns.,+,+,+,"{'i': 0, 'the plant foreman': -90, 'thousands of nearby town inhabitants': -5}",-41.0,nuclear_reactor,inevitable,personal,means,self
16,1,The foreman dies.,+,-,+,"{'i': 0, 'the plant foreman': -100, 'thousands of nearby town inhabitants': -2}",-41.0,nuclear_reactor,inevitable,personal,means,self
16,1,The overheated conduit cools enough to stop the chain reaction.,+,+,+,"{'i': 78, 'the plant foreman': 78, 'thousands of nearby town inhabitants': 85}",-41.0,nuclear_reactor,inevitable,personal,means,self
16,1,I stay alive.,+,+,+,"{'i': 95, 'the plant foreman': 0, 'thousands of nearby town inhabitants': 0}",-41.0,nuclear_reactor,inevitable,personal,means,self
16,1,The nearby town inhabitants stay alive.,+,+,+,"{'i': 12, 'the plant foreman': 35, 'thousands of nearby town inhabitants': 95}",-41.0,nuclear_reactor,inevitable,personal,means,self
16,1,The nearby town inhabitants avoid lethal radiation exposure.,+,+,+,"{'i': 35, 'the plant foreman': 65, 'thousands of nearby town inhabitants': 95}",-41.0,nuclear_reactor,inevitable,personal,means,self
17,1,The trapped employee dies,+,-,+,"{'i': 0, 'the plant foreman': -70, '1 trapped employee in the supply chamber': -100, 'thousands of nearby town inhabitants': -12}",-52.0,nuclear_reactor,inevitable,impersonal,side_effect,self
17,1,The nuclear chain reaction is prevented,+,+,+,"{'i': 0, 'the plant foreman': 82, '1 trapped employee in the supply chamber': 75, 'thousands of nearby town inhabitants': 90}",-52.0,nuclear_reactor,inevitable,impersonal,side_effect,self
17,1,A nuclear meltdown is averted,+,+,+,"{'i': 12, 'the plant foreman': 85, '1 trapped employee in the supply chamber': 88, 'thousands of nearby town inhabitants': 95}",-52.0,nuclear_reactor,inevitable,impersonal,side_effect,self
17,1,Lethal radiation is not released into the nearby town,+,+,+,"{'i': 85, 'the plant foreman': 78, '1 trapped employee in the supply chamber': 0, 'thousands of nearby town inhabitants': 95}",-52.0,nuclear_reactor,inevitable,impersonal,side_effect,self
17,1,I survive,+,+,+,"{'i': 90, 'the plant foreman': 0, '1 trapped employee in the supply chamber': 25, 'thousands of nearby town inhabitants': 0}",-52.0,nuclear_reactor,inevitable,impersonal,side_effect,self
17,1,The foreman survives,+,-,+,"{'i': 0, 'the plant foreman': 95, '1 trapped employee in the supply chamber': 25, 'thousands of nearby town inhabitants': 5}",-52.0,nuclear_reactor,inevitable,impersonal,side_effect,self
17,1,Thousands of nearby town inhabitants survive,+,+,+,"{'i': 5, 'the plant foreman': 65, '1 trapped employee in the supply chamber': 15, 'thousands of nearby town inhabitants': 95}",-52.0,nuclear_reactor,inevitable,impersonal,side_effect,self
18,1,The teenager suffers fatal head trauma,+,+,+,"{'i': -100, 'the teenager': -100, 'the crowd of spectators': -45}",-52.0,cinderblock,inevitable,personal,means,self
18,1,The teenager is stopped from detonating the charge,+,+,+,"{'i': 70, 'the teenager': 60, 'the crowd of spectators': 90}",-52.0,cinderblock,inevitable,personal,means,self
18,1,The explosion is prevented,+,+,+,"{'i': 70, 'the teenager': 75, 'the crowd of spectators': 85}",-52.0,cinderblock,inevitable,personal,means,self
18,1,The skyscraper does not collapse onto me,+,+,+,"{'i': 95, 'the teenager': 0, 'the crowd of spectators': 15}",-52.0,cinderblock,inevitable,personal,means,self
18,1,I remain alive,+,+,+,"{'i': 90, 'the teenager': 0, 'the crowd of spectators': 8}",-52.0,cinderblock,inevitable,personal,means,self
18,1,The spectators remain alive,+,+,+,"{'i': 15, 'the teenager': 10, 'the crowd of spectators': 90}",-52.0,cinderblock,inevitable,personal,means,self
18,1,Witnesses are exposed to the teenager's violent death,+,-,-,"{'i': -75, 'the teenager': -100, 'the crowd of spectators': -70}",-52.0,cinderblock,inevitable,personal,means,self
19,1,The teenager receives an electric shock,+,+,+,"{'i': 0, 'the teenager/boy touching the open circuit': -85, 'the crowd of spectators': -25}",-17.0,cinderblock,inevitable,impersonal,means,self
19,1,The teenager dies,-,-,+,"{'i': 0, 'the teenager/boy touching the open circuit': -100, 'the crowd of spectators': -35}",-17.0,cinderblock,inevitable,impersonal,means,self
19,1,The explosive charge is not accidentally detonated,+,+,+,"{'i': 40, 'the teenager/boy touching the open circuit': 85, 'the crowd of spectators': 55}",-17.0,cinderblock,inevitable,impersonal,means,self
19,1,The skyscraper does not collapse uncontrollably,+,+,+,"{'i': 80, 'the teenager/boy touching the open circuit': 0, 'the crowd of spectators': 70}",-17.0,cinderblock,inevitable,impersonal,means,self
19,1,I survive,+,+,+,"{'i': 95, 'the teenager/boy touching the open circuit': 90, 'the crowd of spectators': 15}",-17.0,cinderblock,inevitable,impersonal,means,self
19,1,The crowd of spectators survives,+,+,+,"{'i': 10, 'the teenager/boy touching the open circuit': 12, 'the crowd of spectators': 90}",-17.0,cinderblock,inevitable,impersonal,means,self
20,1,The coworker suffers severe pain and injury to the stomach and chest.,+,+,+,"{'i': -20, '1 coworker who slips off the crossbar and grabs my arm': -80, 'at least 2 other coworkers hanging from the crossbar who would be saved if enough weight is removed': 75}",-72.0,cliffhanger,inevitable,personal,means,self
20,1,The coworker loses grip on my arm.,+,+,+,"{'i': -8, '1 coworker who slips off the crossbar and grabs my arm': -85, 'at least 2 other coworkers hanging from the crossbar who would be saved if enough weight is removed': 90}",-72.0,cliffhanger,inevitable,personal,means,self
20,1,The coworker falls from the scaffolding.,+,+,+,"{'i': -35, '1 coworker who slips off the crossbar and grabs my arm': -90, 'at least 2 other coworkers hanging from the crossbar who would be saved if enough weight is removed': 85}",-72.0,cliffhanger,inevitable,personal,means,self
20,1,The coworker dies.,+,-,+,"{'i': -35, '1 coworker who slips off the crossbar and grabs my arm': -100, 'at least 2 other coworkers hanging from the crossbar who would be saved if enough weight is removed': 85}",-72.0,cliffhanger,inevitable,personal,means,self
20,1,The load on the dangling structure decreases.,+,+,+,"{'i': 30, '1 coworker who slips off the crossbar and grabs my arm': 45, 'at least 2 other coworkers hanging from the crossbar who would be saved if enough weight is removed': 80}",-72.0,cliffhanger,inevitable,personal,means,self
20,1,I reach safety.,+,+,+,"{'i': 85, '1 coworker who slips off the crossbar and grabs my arm': 30, 'at least 2 other coworkers hanging from the crossbar who would be saved if enough weight is removed': 90}",-72.0,cliffhanger,inevitable,personal,means,self
20,1,The other hanging workers reach safety.,+,+,+,"{'i': 70, '1 coworker who slips off the crossbar and grabs my arm': 20, 'at least 2 other coworkers hanging from the crossbar who would be saved if enough weight is removed': 95}",-72.0,cliffhanger,inevitable,personal,means,self
21,1,The co-worker on the detached section falls from the scaffolding.,+,+,+,"{'i': -45, '1 coworker on the section of scaffolding that would be detached': -95}",-53.0,cliffhanger,inevitable,impersonal,means,self
21,1,The co-worker on the detached section dies.,+,-,+,"{'i': -45, '1 coworker on the section of scaffolding that would be detached': -100}",-53.0,cliffhanger,inevitable,impersonal,means,self
21,1,The remaining scaffolding supports less weight.,+,+,+,"{'i': -35, '1 coworker on the section of scaffolding that would be detached': 0}",-53.0,cliffhanger,inevitable,impersonal,means,self
21,1,I reach safety.,+,+,+,"{'i': 75, '1 coworker on the section of scaffolding that would be detached': -90}",-53.0,cliffhanger,inevitable,impersonal,means,self
21,1,Five coworkers reach safety.,+,+,+,"{'i': 0, '1 coworker on the section of scaffolding that would be detached': -95}",-53.0,cliffhanger,inevitable,impersonal,means,self
21,1,I experience immediate emotional distress.,+,-,-,"{'i': -30, '1 coworker on the section of scaffolding that would be detached': 0}",-53.0,cliffhanger,inevitable,impersonal,means,self
21,1,The five surviving coworkers experience immediate emotional distress.,+,-,+,"{'i': -40, '1 coworker on the section of scaffolding that would be detached': 0}",-53.0,cliffhanger,inevitable,impersonal,means,self
22,1,The third child dies.,+,-,+,"{'i': 0, '1 child latched onto my leg': -60, 'the remaining children from the kindergarten trip already swept away by the river': -70}",-32.0,bus_plunge,inevitable,personal,side_effect,self
22,1,I survive.,+,+,+,"{'i': 90, '1 child latched onto my leg': 75, 'the remaining children from the kindergarten trip already swept away by the river': 0}",-32.0,bus_plunge,inevitable,personal,side_effect,self
22,1,The two children I am carrying survive.,+,+,+,"{'i': 75, '1 child latched onto my leg': 12, 'the remaining children from the kindergarten trip already swept away by the river': 0}",-32.0,bus_plunge,inevitable,personal,side_effect,self
22,1,I exit the sinking bus with the two children.,+,+,-,"{'i': 85, '1 child latched onto my leg': 90, 'the remaining children from the kindergarten trip already swept away by the river': 0}",-32.0,bus_plunge,inevitable,personal,side_effect,self
23,1,The third child is trapped in the bus,+,-,+,"{'i': 0, '1 third child still in the sinking bus who would be trapped by the seats': -97, 'the rest of the children already swept away by the river': 0}",-41.0,bus_plunge,inevitable,impersonal,side_effect,self
23,1,The third child drowns,-,-,+,"{'i': 0, '1 third child still in the sinking bus who would be trapped by the seats': -100, 'the rest of the children already swept away by the river': -30}",-41.0,bus_plunge,inevitable,impersonal,side_effect,self
23,1,I survive,+,+,+,"{'i': 95, '1 third child still in the sinking bus who would be trapped by the seats': 15, 'the rest of the children already swept away by the river': 10}",-41.0,bus_plunge,inevitable,impersonal,side_effect,self
23,1,The two children with me survive,+,+,+,"{'i': 75, '1 third child still in the sinking bus who would be trapped by the seats': -35, 'the rest of the children already swept away by the river': 0}",-41.0,bus_plunge,inevitable,impersonal,side_effect,self
24,1,The accident victim dies.,+,+,+,"{'i': 0, '5 patients who need immediate organ transplants': -100}",-35.0,modified_transplant,evitable,personal,means,other
24,1,The accident victim loses the chance to recover from the crash injuries.,+,+,+,"{'i': 0, '5 patients who need immediate organ transplants': -98}",-35.0,modified_transplant,evitable,personal,means,other
24,1,Organs become available for transplant.,+,+,+,"{'i': 0, '5 patients who need immediate organ transplants': 45}",-35.0,modified_transplant,evitable,personal,means,other
24,1,Five patients receive the needed organ transplants.,+,+,+,"{'i': 0, '5 patients who need immediate organ transplants': 0}",-35.0,modified_transplant,evitable,personal,means,other
24,1,Five patients avoid immediate death.,+,+,+,"{'i': 0, '5 patients who need immediate organ transplants': 10}",-35.0,modified_transplant,evitable,personal,means,other
25,1,The accident victim dies,+,+,+,"{'i': 0, '1 nurse': -45, '5 patients who need immediate organ transplants': 90, '1 critically injured accident-victim patient': -100}",-59.0,modified_transplant,evitable,impersonal,means,other
25,1,Five patients receive transplantable organs,+,+,+,"{'i': 0, '1 nurse': 25, '5 patients who need immediate organ transplants': 95, '1 critically injured accident-victim patient': -95}",-59.0,modified_transplant,evitable,impersonal,means,other
25,1,Five patients survive their immediate organ failure crisis,+,+,+,"{'i': 0, '1 nurse': 72, '5 patients who need immediate organ transplants': 95, '1 critically injured accident-victim patient': 0}",-59.0,modified_transplant,evitable,impersonal,means,other
25,1,The nurse unintentionally participates in a patient's death,+,+,+,"{'i': 0, '1 nurse': -80, '5 patients who need immediate organ transplants': 30, '1 critically injured accident-victim patient': -100}",-59.0,modified_transplant,evitable,impersonal,means,other
25,1,I cause a preventable patient's death,+,+,+,"{'i': -85, '1 nurse': -60, '5 patients who need immediate organ transplants': 85, '1 critically injured accident-victim patient': -100}",-59.0,modified_transplant,evitable,impersonal,means,other
26,1,The fight between the two crewmembers stops,+,+,+,"{'i': 20, '1 fighting crewmember not wearing a safety harness': 65, '1 other fighting crewmember': 40, '5 crewmembers on the deck beneath the swinging container': 78}",-1.0,on_the_waterfront,evitable,personal,side_effect,other
26,1,The container is stabilized,+,+,+,"{'i': 0, '1 fighting crewmember not wearing a safety harness': 65, '1 other fighting crewmember': 30, '5 crewmembers on the deck beneath the swinging container': 85}",-1.0,on_the_waterfront,evitable,personal,side_effect,other
26,1,The container does not fall onto the five crewmembers on the deck,+,+,+,"{'i': 90, '1 fighting crewmember not wearing a safety harness': 85, '1 other fighting crewmember': 25, '5 crewmembers on the deck beneath the swinging container': 90}",-1.0,on_the_waterfront,evitable,personal,side_effect,other
26,1,The unharnessed crewmember falls off the container,+,-,+,"{'i': -90, '1 fighting crewmember not wearing a safety harness': -95, '1 other fighting crewmember': -45, '5 crewmembers on the deck beneath the swinging container': -85}",-1.0,on_the_waterfront,evitable,personal,side_effect,other
26,1,The unharnessed crewmember dies,+,-,+,"{'i': -40, '1 fighting crewmember not wearing a safety harness': -100, '1 other fighting crewmember': -45, '5 crewmembers on the deck beneath the swinging container': -45}",-1.0,on_the_waterfront,evitable,personal,side_effect,other
26,1,The five crewmembers on the deck survive,+,+,+,"{'i': 35, '1 fighting crewmember not wearing a safety harness': 90, '1 other fighting crewmember': 45, '5 crewmembers on the deck beneath the swinging container': 90}",-1.0,on_the_waterfront,evitable,personal,side_effect,other
27,1,The crewmember in the cargo bay is killed by the falling container.,+,-,+,"{'i': -45, 'other dock team members on top of the container': -45, '5 crewmembers on the deck': -35, '1 crewmember in the cargo bay': -100}",-27.0,on_the_waterfront,evitable,impersonal,side_effect,other
27,1,The five crewmembers on the deck remain alive.,+,+,+,"{'i': 75, 'other dock team members on top of the container': 35, '5 crewmembers on the deck': 95, '1 crewmember in the cargo bay': 15}",-27.0,on_the_waterfront,evitable,impersonal,side_effect,other
27,1,The other dock workers on the container and I are left suspended in midair by our safety harnesses.,+,-,+,"{'i': -55, 'other dock team members on top of the container': -65, '5 crewmembers on the deck': -15, '1 crewmember in the cargo bay': -12}",-27.0,on_the_waterfront,evitable,impersonal,side_effect,other
28,1,One lab assistant is poisoned.,+,+,+,"{'i': 0, '1 lab assistant who would be injected with the actual vaccine and survive': -25, '1 lab assistant who would be injected with the lethal substance and die': -100, 'thousands of living people endangered by the epidemic who could be saved once the vaccine is identified': -25}",-58.0,modified_vaccine_test,evitable,personal,side_effect,other
28,1,One lab assistant receives the vaccine.,+,+,+,"{'i': 0, '1 lab assistant who would be injected with the actual vaccine and survive': 35, '1 lab assistant who would be injected with the lethal substance and die': 95, 'thousands of living people endangered by the epidemic who could be saved once the vaccine is identified': 8}",-58.0,modified_vaccine_test,evitable,personal,side_effect,other
28,1,I identify which substance is the vaccine.,+,+,+,"{'i': 40, '1 lab assistant who would be injected with the actual vaccine and survive': 85, '1 lab assistant who would be injected with the lethal substance and die': 95, 'thousands of living people endangered by the epidemic who could be saved once the vaccine is identified': 95}",-58.0,modified_vaccine_test,evitable,personal,side_effect,other
28,1,I identify which substance is lethal.,+,+,+,"{'i': 40, '1 lab assistant who would be injected with the actual vaccine and survive': 8, '1 lab assistant who would be injected with the lethal substance and die': -100, 'thousands of living people endangered by the epidemic who could be saved once the vaccine is identified': 80}",-58.0,modified_vaccine_test,evitable,personal,side_effect,other
29,1,I identify which substance is the vaccine,+,+,+,"{'1 medical researcher': 68, '1 nurse': 20, '1 patient injected with the real vaccine': 45, '1 patient injected with the lethal substance': -85, 'thousands of people who could be saved by the identified vaccine': 90, 'i': 65}",-35.0,modified_vaccine_test,evitable,impersonal,side_effect,other
29,1,One patient dies from the lethal substance,+,+,+,"{'1 medical researcher': -60, '1 nurse': -60, '1 patient injected with the real vaccine': -10, '1 patient injected with the lethal substance': -100, 'thousands of people who could be saved by the identified vaccine': -5, 'i': 0}",-35.0,modified_vaccine_test,evitable,impersonal,side_effect,other
29,1,One patient receives the actual vaccine and remains alive,+,+,+,"{'1 medical researcher': 35, '1 nurse': 35, '1 patient injected with the real vaccine': 60, '1 patient injected with the lethal substance': -15, 'thousands of people who could be saved by the identified vaccine': 22, 'i': 35}",-35.0,modified_vaccine_test,evitable,impersonal,side_effect,other
29,1,Thousands of infected people can be treated with the identified vaccine,+,+,+,"{'1 medical researcher': 70, '1 nurse': 68, '1 patient injected with the real vaccine': 75, '1 patient injected with the lethal substance': 0, 'thousands of people who could be saved by the identified vaccine': 90, 'i': 25}",-35.0,modified_vaccine_test,evitable,impersonal,side_effect,other
30,1,The large stranger dies.,+,-,+,"{'i': 0, 'the large stranger': -100, 'the 5 workmen': -5}",-93.0,modified_trolley,evitable,personal,means,other
30,1,The trolley derails and stops before reaching the five workmen.,+,+,+,"{'i': 0, 'the large stranger': 40, 'the 5 workmen': 95}",-93.0,modified_trolley,evitable,personal,means,other
30,1,The five workmen survive.,+,+,+,"{'i': 0, 'the large stranger': 0, 'the 5 workmen': 95}",-93.0,modified_trolley,evitable,personal,means,other
31,1,The trolley goes onto the track with one workman,+,+,+,"{'i': -95, '5 workmen on the trolley’s current track': 95, '1 workman on the alternate track': -100}",-27.0,modified_trolley,evitable,impersonal,side_effect,other
31,1,The five workmen are no longer in the trolley's path,+,+,+,"{'i': 90, '5 workmen on the trolley’s current track': 95, '1 workman on the alternate track': 70}",-27.0,modified_trolley,evitable,impersonal,side_effect,other
31,1,The five workmen survive,+,+,+,"{'i': 15, '5 workmen on the trolley’s current track': 100, '1 workman on the alternate track': -100}",-27.0,modified_trolley,evitable,impersonal,side_effect,other
31,1,The one workman dies,+,-,+,"{'i': 0, '5 workmen on the trolley’s current track': 95, '1 workman on the alternate track': -100}",-27.0,modified_trolley,evitable,impersonal,side_effect,other
32,1,My colleague dies,+,+,+,"{'i': -35, 'my colleague, the fellow researcher': -100, 'the potential buyers': 0, ""the thousands of people who would be saved from the weapon's use"": 0}",-75.0,nobel_prize,evitable,personal,means,other
32,1,My colleague does not contact the potential buyers today,+,+,+,"{'i': -30, 'my colleague, the fellow researcher': -15, 'the potential buyers': -12, ""the thousands of people who would be saved from the weapon's use"": 75}",-75.0,nobel_prize,evitable,personal,means,other
32,1,The discovery is not sold to the potential buyers by my colleague,+,+,+,"{'i': -25, 'my colleague, the fellow researcher': -25, 'the potential buyers': -30, ""the thousands of people who would be saved from the weapon's use"": 95}",-75.0,nobel_prize,evitable,personal,means,other
32,1,The potential buyers do not gain immediate access to the discovery,+,+,+,"{'i': 20, 'my colleague, the fellow researcher': 15, 'the potential buyers': -35, ""the thousands of people who would be saved from the weapon's use"": 85}",-75.0,nobel_prize,evitable,personal,means,other
33,1,My colleague is killed,+,+,+,"{'i': -45, 'my colleague / fellow researcher': -100, 'potential buyers': 0, 'thousands of people who would otherwise be killed by the weapon': 95}",-65.0,nobel_prize,evitable,impersonal,means,other
33,1,The lab is damaged by the explosion,+,-,+,"{'i': 0, 'my colleague / fellow researcher': -45, 'potential buyers': -25, 'thousands of people who would otherwise be killed by the weapon': 95}",-65.0,nobel_prize,evitable,impersonal,means,other
33,1,The computer is destroyed,+,+,+,"{'i': -30, 'my colleague / fellow researcher': -40, 'potential buyers': -20, 'thousands of people who would otherwise be killed by the weapon': 100}",-65.0,nobel_prize,evitable,impersonal,means,other
33,1,The email to the potential buyers is not sent that day,+,+,+,"{'i': -15, 'my colleague / fellow researcher': 0, 'potential buyers': -10, 'thousands of people who would otherwise be killed by the weapon': 90}",-65.0,nobel_prize,evitable,impersonal,means,other
33,1,I am placed in danger from the explosion,+,-,+,"{'i': -70, 'my colleague / fellow researcher': -35, 'potential buyers': -5, 'thousands of people who would otherwise be killed by the weapon': 90}",-65.0,nobel_prize,evitable,impersonal,means,other
34,1,The out-of-control biker crashes into the trees and dies,+,+,+,"{'i': 0, '1 biker who is losing control up front': -100}",-36.0,bike_week,evitable,personal,means,other
34,1,The large pile-up is prevented,+,+,+,"{'i': 70, '1 biker who is losing control up front': 75}",-36.0,bike_week,evitable,personal,means,other
34,1,The ten bikers behind me survive,+,+,+,"{'i': 8, '1 biker who is losing control up front': 15}",-36.0,bike_week,evitable,personal,means,other
35,1,The falling biker is killed.,+,-,+,"{'i': 0, '1 falling biker ahead': -100}",-40.0,bike_week,evitable,impersonal,means,other
35,1,I am thrown into the roadside ditch.,+,+,+,"{'i': -55, '1 falling biker ahead': -70}",-40.0,bike_week,evitable,impersonal,means,other
35,1,The ten bikers behind are alerted to the danger.,+,+,+,"{'i': 35, '1 falling biker ahead': 45}",-40.0,bike_week,evitable,impersonal,means,other
35,1,The ten bikers behind avoid a pile-up.,+,+,+,"{'i': 0, '1 falling biker ahead': 75}",-40.0,bike_week,evitable,impersonal,means,other
35,1,The ten bikers behind remain alive.,+,+,+,"{'i': -40, '1 falling biker ahead': 15}",-40.0,bike_week,evitable,impersonal,means,other
36,1,The trapped soldier dies.,+,+,+,"{'i': -100, 'my other soldiers': -35, 'the 10 allied soldiers at the base camp': -45, 'the enemy troops': 35}",-19.0,modified_euthanasia,inevitable,personal,means,other
36,1,The trapped soldier is spared torture by enemy troops.,+,+,+,"{'i': 75, 'my other soldiers': 12, 'the 10 allied soldiers at the base camp': 18, 'the enemy troops': 15}",-19.0,modified_euthanasia,inevitable,personal,means,other
36,1,Enemy troops do not capture the trapped soldier alive.,+,+,+,"{'i': -90, 'my other soldiers': -20, 'the 10 allied soldiers at the base camp': -25, 'the enemy troops': -40}",-19.0,modified_euthanasia,inevitable,personal,means,other
36,1,Enemy troops do not obtain the allied base camp's location from the trapped soldier.,+,+,+,"{'i': 15, 'my other soldiers': 75, 'the 10 allied soldiers at the base camp': 70, 'the enemy troops': -55}",-19.0,modified_euthanasia,inevitable,personal,means,other
36,1,The ten allied soldiers at the base camp are not killed in an attack caused by that disclosure.,+,+,+,"{'i': 60, 'my other soldiers': 35, 'the 10 allied soldiers at the base camp': 95, 'the enemy troops': -40}",-19.0,modified_euthanasia,inevitable,personal,means,other
36,1,My remaining soldiers and I avoid the immediate danger of staying behind without ammunition.,-,-,+,"{'i': 65, 'my other soldiers': 75, 'the 10 allied soldiers at the base camp': 10, 'the enemy troops': -40}",-19.0,modified_euthanasia,inevitable,personal,means,other
36,1,I bear the psychological burden of killing one of my own soldiers.,+,-,-,"{'i': -82, 'my other soldiers': -45, 'the 10 allied soldiers at the base camp': -20, 'the enemy troops': 28}",-19.0,modified_euthanasia,inevitable,personal,means,other
37,1,The trapped soldier dies.,+,+,+,"{'i': -100, '1 trapped soldier from my group': -100, 'the approaching enemy troops who could capture/torture the trapped soldier and later attack the base camp': -25, 'the 10 allied soldiers at the base camp': -40}",-38.0,modified_euthanasia,inevitable,impersonal,means,other
37,1,The trapped soldier is not tortured by enemy troops.,+,+,+,"{'i': 70, '1 trapped soldier from my group': 80, 'the approaching enemy troops who could capture/torture the trapped soldier and later attack the base camp': -20, 'the 10 allied soldiers at the base camp': 18}",-38.0,modified_euthanasia,inevitable,impersonal,means,other
37,1,The location of the allied base camp is not revealed to the enemy.,+,+,+,"{'i': 72, '1 trapped soldier from my group': 20, 'the approaching enemy troops who could capture/torture the trapped soldier and later attack the base camp': -65, 'the 10 allied soldiers at the base camp': 75}",-38.0,modified_euthanasia,inevitable,impersonal,means,other
37,1,Enemy troops in the bombed area are killed or injured.,+,-,+,"{'i': 25, '1 trapped soldier from my group': 55, 'the approaching enemy troops who could capture/torture the trapped soldier and later attack the base camp': -85, 'the 10 allied soldiers at the base camp': 25}",-38.0,modified_euthanasia,inevitable,impersonal,means,other
37,1,My remaining soldiers and I avoid the immediate danger of staying near the approaching enemy with little ammunition.,-,+,+,"{'i': 45, '1 trapped soldier from my group': -45, 'the approaching enemy troops who could capture/torture the trapped soldier and later attack the base camp': 45, 'the 10 allied soldiers at the base camp': 18}",-38.0,modified_euthanasia,inevitable,impersonal,means,other
38,1,The chemical is prevented from evaporating into poisonous gas,+,+,+,"{'i': 70, '1 patient placed on the chemical': 80, '5 other patients in the room': 85}",2.0,modified_fumes,inevitable,personal,means,other
38,1,One patient is exposed to the chemical through their skin,+,+,+,"{'i': 0, '1 patient placed on the chemical': -55, '5 other patients in the room': -15}",2.0,modified_fumes,inevitable,personal,means,other
38,1,One patient dies,+,-,+,"{'i': 0, '1 patient placed on the chemical': -100, '5 other patients in the room': -35}",2.0,modified_fumes,inevitable,personal,means,other
38,1,Five patients avoid exposure to the poisonous gas,+,+,+,"{'i': 0, '1 patient placed on the chemical': -95, '5 other patients in the room': 90}",2.0,modified_fumes,inevitable,personal,means,other
38,1,Five patients remain alive,+,+,+,"{'i': 0, '1 patient placed on the chemical': 90, '5 other patients in the room': 95}",2.0,modified_fumes,inevitable,personal,means,other
39,1,The five patients in the spill room remain alive,+,+,+,"{'i': 70, '5 patients in the room with the chemical spill': 85, '1 patient in the upstairs room': -95}",-6.0,modified_fumes,inevitable,impersonal,side_effect,other
39,1,The upstairs patient is exposed to the poisonous gas,+,-,+,"{'i': 0, '5 patients in the room with the chemical spill': 0, '1 patient in the upstairs room': -95}",-6.0,modified_fumes,inevitable,impersonal,side_effect,other
39,1,The upstairs patient dies,+,-,+,"{'i': -10, '5 patients in the room with the chemical spill': 0, '1 patient in the upstairs room': -100}",-6.0,modified_fumes,inevitable,impersonal,side_effect,other
40,1,The boat stays afloat.,+,+,+,"{'i': 60, 'the tour guide': 60, '1 heavy child': 70, '1 child receiving cpr': 75, '1 other child': 85}",-66.0,modified_rowboat,inevitable,personal,means,other
40,1,I can keep rowing to shore.,+,+,+,"{'i': 35, 'the tour guide': 25, '1 heavy child': 60, '1 child receiving cpr': 45, '1 other child': 55}",-66.0,modified_rowboat,inevitable,personal,means,other
40,1,The tour guide can continue giving CPR.,+,-,+,"{'i': 72, 'the tour guide': 35, '1 heavy child': 75, '1 child receiving cpr': 85, '1 other child': 15}",-66.0,modified_rowboat,inevitable,personal,means,other
40,1,The heavy child dies in the lake.,+,-,+,"{'i': 0, 'the tour guide': -76, '1 heavy child': -100, '1 child receiving cpr': -45, '1 other child': -65}",-66.0,modified_rowboat,inevitable,personal,means,other
40,1,The other two children survive.,+,+,+,"{'i': 65, 'the tour guide': 45, '1 heavy child': 30, '1 child receiving cpr': 25, '1 other child': 40}",-66.0,modified_rowboat,inevitable,personal,means,other
40,1,I survive.,+,+,+,"{'i': 90, 'the tour guide': 0, '1 heavy child': 0, '1 child receiving cpr': 95, '1 other child': 20}",-66.0,modified_rowboat,inevitable,personal,means,other
40,1,The tour guide survives.,+,+,+,"{'i': 25, 'the tour guide': 85, '1 heavy child': 20, '1 child receiving cpr': 10, '1 other child': 35}",-66.0,modified_rowboat,inevitable,personal,means,other
41,1,The boat stays afloat.,+,+,+,"{'i': 70, 'the tour guide': 55, '1 rescued child receiving cpr': 70, '1 other rescued child in the boat': 90, '1 child left behind in the water': 35}",-27.0,modified_rowboat,inevitable,impersonal,side_effect,other
41,1,I survive.,+,+,+,"{'i': 85, 'the tour guide': 25, '1 rescued child receiving cpr': 95, '1 other rescued child in the boat': 35, '1 child left behind in the water': 8}",-27.0,modified_rowboat,inevitable,impersonal,side_effect,other
41,1,The tour guide survives.,+,+,+,"{'i': 10, 'the tour guide': 85, '1 rescued child receiving cpr': 12, '1 other rescued child in the boat': 28, '1 child left behind in the water': 20}",-27.0,modified_rowboat,inevitable,impersonal,side_effect,other
41,1,The two rescued children survive.,+,+,+,"{'i': 60, 'the tour guide': 35, '1 rescued child receiving cpr': 95, '1 other rescued child in the boat': 95, '1 child left behind in the water': 10}",-27.0,modified_rowboat,inevitable,impersonal,side_effect,other
41,1,The third child dies.,-,-,+,"{'i': 0, 'the tour guide': 0, '1 rescued child receiving cpr': -30, '1 other rescued child in the boat': -45, '1 child left behind in the water': -75}",-27.0,modified_rowboat,inevitable,impersonal,side_effect,other
42,1,The knocked-over miner falls down the mine shaft,+,+,+,"{'i': -50, '10 other miners in the remaining cubicles': -25}",-50.0,mine_shaft,inevitable,personal,means,other
42,1,The cable remains intact,+,+,+,"{'i': 0, '10 other miners in the remaining cubicles': 85}",-50.0,mine_shaft,inevitable,personal,means,other
42,1,The 10 miners in the other cubicles reach the surface alive,+,+,+,"{'i': 30, '10 other miners in the remaining cubicles': 25}",-50.0,mine_shaft,inevitable,personal,means,other
43,1,The miner in the detached cubicle dies,+,-,+,"{'i': -10, '10 miners in the cubicles that would remain attached': 75, '1 miner in the last cubicle that would be detached': -100}",-30.0,mine_shaft,inevitable,impersonal,means,other
43,1,The 10 other miners survive,+,+,+,"{'i': 65, '10 miners in the cubicles that would remain attached': 15, '1 miner in the last cubicle that would be detached': 20}",-30.0,mine_shaft,inevitable,impersonal,means,other
44,1,The tycoon dies.,+,+,+,"{'i': 0, 'the terminally ill tycoon': -90, ""the 100 children at the local children's hospital whose lives depend on the donation"": -100}",-84.0,tycoon,inevitable,personal,side_effect,other
44,1,The tycoon's fortune is released to the local children's hospital sooner.,+,+,+,"{'i': 0, 'the terminally ill tycoon': 45, ""the 100 children at the local children's hospital whose lives depend on the donation"": 95}",-84.0,tycoon,inevitable,personal,side_effect,other
44,1,100 children at the hospital survive.,+,+,+,"{'i': 0, 'the terminally ill tycoon': 18, ""the 100 children at the local children's hospital whose lives depend on the donation"": 95}",-84.0,tycoon,inevitable,personal,side_effect,other
44,1,People close to the tycoon lose him and grieve.,-,-,+,"{'i': 0, 'the terminally ill tycoon': -80, ""the 100 children at the local children's hospital whose lives depend on the donation"": -95}",-84.0,tycoon,inevitable,personal,side_effect,other
45,1,The tycoon loses the remainder of his life.,+,+,+,"{'i': 0, 'the terminally ill tycoon on life support': -95, ""100 children at the local children's hospital who could be saved by the donation"": -95}",-94.0,tycoon,inevitable,impersonal,means,other
45,1,The children's hospital receives the tycoon's donated fortune in time.,+,+,+,"{'i': 0, 'the terminally ill tycoon on life support': 65, ""100 children at the local children's hospital who could be saved by the donation"": 97}",-94.0,tycoon,inevitable,impersonal,means,other
45,1,100 children receive life-saving care.,+,+,+,"{'i': 0, 'the terminally ill tycoon on life support': 3, ""100 children at the local children's hospital who could be saved by the donation"": 95}",-94.0,tycoon,inevitable,impersonal,means,other
45,1,100 children survive.,+,+,+,"{'i': 0, 'the terminally ill tycoon on life support': 2, ""100 children at the local children's hospital who could be saved by the donation"": 95}",-94.0,tycoon,inevitable,impersonal,means,other
45,1,People close to the tycoon experience grief and shock.,+,-,-,"{'i': 0, 'the terminally ill tycoon on life support': -35, ""100 children at the local children's hospital who could be saved by the donation"": 0}",-94.0,tycoon,inevitable,impersonal,means,other
45,1,I become responsible for killing the tycoon.,+,-,+,"{'i': -75, 'the terminally ill tycoon on life support': -85, ""100 children at the local children's hospital who could be saved by the donation"": -90}",-94.0,tycoon,inevitable,impersonal,means,other
45,1,I face criminal and professional jeopardy.,+,-,-,"{'i': -80, 'the terminally ill tycoon on life support': 0, ""100 children at the local children's hospital who could be saved by the donation"": -80}",-94.0,tycoon,inevitable,impersonal,means,other
46,1,The spy experiences extreme pain and suffering.,+,+,+,"{'i': -20, 'the enemy spy': -95, 'the enemy soldiers planning the surprise attack': 0, 'the thousands of civilians in the town that would be attacked if the enemy is not stopped': -30}",-74.0,enemy_spy,inevitable,personal,means,other
46,1,The spy reveals which town is planned to be attacked.,+,+,+,"{'i': -55, 'the enemy spy': -55, 'the enemy soldiers planning the surprise attack': -75, 'the thousands of civilians in the town that would be attacked if the enemy is not stopped': 80}",-74.0,enemy_spy,inevitable,personal,means,other
46,1,The spy dies from the torture.,+,-,+,"{'i': -20, 'the enemy spy': -100, 'the enemy soldiers planning the surprise attack': 30, 'the thousands of civilians in the town that would be attacked if the enemy is not stopped': -90}",-74.0,enemy_spy,inevitable,personal,means,other
46,1,I learn which town is in danger.,+,+,+,"{'i': 15, 'the enemy spy': -35, 'the enemy soldiers planning the surprise attack': -65, 'the thousands of civilians in the town that would be attacked if the enemy is not stopped': 55}",-74.0,enemy_spy,inevitable,personal,means,other
46,1,My soldiers and I gain the information needed to move against the planned attack.,+,+,+,"{'i': 78, 'the enemy spy': -75, 'the enemy soldiers planning the surprise attack': -75, 'the thousands of civilians in the town that would be attacked if the enemy is not stopped': 80}",-74.0,enemy_spy,inevitable,personal,means,other
46,1,Civilians in the targeted town are spared from the planned mass killing.,+,+,+,"{'i': 40, 'the enemy spy': -35, 'the enemy soldiers planning the surprise attack': -40, 'the thousands of civilians in the town that would be attacked if the enemy is not stopped': 98}",-74.0,enemy_spy,inevitable,personal,means,other
47,1,The spy suffers extreme pain,+,+,+,"{'i': 0, 'my soldiers': 0, 'the injured enemy spy': -85, 'the enemy soldiers planning the surprise attack': -60, 'the thousands of civilians in the town that would be attacked': -10, ""the rats chewing the spy's legs"": 10}",-90.0,enemy_spy,inevitable,impersonal,means,other
47,1,The spy reveals which town is planned to be attacked,+,+,+,"{'i': 40, 'my soldiers': -65, 'the injured enemy spy': 25, 'the enemy soldiers planning the surprise attack': -75, 'the thousands of civilians in the town that would be attacked': 78, ""the rats chewing the spy's legs"": 0}",-90.0,enemy_spy,inevitable,impersonal,means,other
47,1,I and my soldiers learn the target town,+,+,+,"{'i': 18, 'my soldiers': 25, 'the injured enemy spy': -60, 'the enemy soldiers planning the surprise attack': -75, 'the thousands of civilians in the town that would be attacked': -72, ""the rats chewing the spy's legs"": 0}",-90.0,enemy_spy,inevitable,impersonal,means,other
47,1,The spy dies,-,-,+,"{'i': 0, 'my soldiers': 25, 'the injured enemy spy': -100, 'the enemy soldiers planning the surprise attack': -60, 'the thousands of civilians in the town that would be attacked': 75, ""the rats chewing the spy's legs"": 30}",-90.0,enemy_spy,inevitable,impersonal,means,other
47,1,Thousands of civilians in the targeted town are saved from the planned attack,+,+,+,"{'i': 85, 'my soldiers': 30, 'the injured enemy spy': -60, 'the enemy soldiers planning the surprise attack': -75, 'the thousands of civilians in the town that would be attacked': 98, ""the rats chewing the spy's legs"": 0}",-90.0,enemy_spy,inevitable,impersonal,means,other
