id,scenario_text,action_choice,outcome,entity_1,entity_2,entity_3,entity_4,entity_5
10," On the test ground of a modern railroad property an unmanned speed-train that normally can be remote-controlled got out of control due to a technical defect. This speed-train is heading towards three railroad workers that are maintaining the tracks. Since these workers are wearing a novel hearing protection, they would not notice the speed-train on time and hence would be run over by it. I, an employee of the rail track control center, recognize the upcoming accident. However, it is not possible to stop the train on time anymore. There is only one possibility to avoid the death of the three workers: I could run to a nearby bridge on which a heavy worker is standing and push this worker from the bridge. Thereby this worker would fall on the tracks and collide with the speed-train. Due to the collision with the heavy worker (I would not be heavy enough to stop the train) the speed-train would stop before it reaches the three workers. The heavy worker would lose his life due to the collision.",push the worker from the bridge,The heavy worker loses his life due to the collision,railroad workers,heavy worker,,,
16," I and five other people are trapped in a burning building. There is only one emergency exit through which all of us could escape, but it is blocked by burning debris. Another injured person is about to crawl through a hole at the bottom of the exit door. I and the five people behind me do not have time to do the same.",use the injured person to break down the blockage,The injured person experiences physical harm,people,injured person,,,
19," Enemy soldiers have taken over my village and will kill all civilians above the age of two. I and ten neighbors are hiding in two rooms of the cellar of a large house. I can hear the voices of soldiers who have come to search the house for valuables. My baby begins to cry loudly. The crying will attract the attention of the soldiers, who will spare my baby's life, but will kill me and the other refugees in both rooms.",activate the noisy boiler to cushion the crying and asphyxiate the baby,The baby is asphyxiated and dies,my baby,neighbors,enemy soldiers,,
21,"I am a crewmember on a submarine traveling under a large iceberg. An explosion has damaged the ship, injured several crewmembers, and collapsed the only access between the upper and lower parts of the ship. I and ten other survivors are in the upper section, which does not have enough oxygen for all of us to survive until we reach the surface. One single crewmember is lying unconscious in the lower section, where there is enough oxygen.",push the button to open the hatch that will fall on the crewmember below to get enough oxygen,The hatch falls on the unconscious crewmember below,crewmembers,unconscious crewmember,,,
22," I and ten divers are part of an U.N. team who is deactivating anti-ship mines from World War II. One team member has hurt himself and the blood in the water has attracted several sharks. I have an underwater rifle but only one harpoon and there are many sharks. The bleeding diver is swimming towards the last protective cage and will reach it before me and the others. The sharks, following the blood, are coming too close for me and the other divers to escape.",shoot at the injured diver,The injured diver experiences pain or death,injured diver,divers,sharks,,
24,"I work in an orphanage in a war-swept country that hosts ten orphans. Rebel soldiers have taken over the government and are now killing everyone who does not support their regime. Moreover, they are conducting an 'ethnic cleansing' genocide campaign to kill everyone of a particular ethnic group. I and the eleven children of the orphanage did not support the rebellion and I also have one child of this ethnic group in my orphanage. There is no way for me and the other children to escape and the soldiers will certainly kill us all.",smother the child of the ethnic group,The child of the ethnic group dies,orphans,,,,
27,"I am a Peace Corps health-worker volunteering in a rural African village. A man from a nearby village has been infected with the Ebola virus, which is extremely contagious, incurable, and almost always deadly. Unexpectedly, this man is still alive, which means he must be immune to the virus' deadly consequences. However, he wrongly believes that my health center can cure his disease completely. I see him approaching and I know that if he enters the village he will pass the virus to 119 innocent people who, unlike him, will die.",warn the village council so they shoot the man before he can enter the village,The man dies or is severely injured,the man from a nearby village,119 innocent people,,,
29,"I am a doctor alone in a rescue helicopter during a devastating flood. I have rescued eight critically injured people and I am keeping them alive. Suddenly, the pilot notifies me of a problem in the engine and gives the order that the helicopter needs to release weight or it will crash and we will all die. I cannot abandon the helicopter because the wounded need my help and the heavy medical equipment is bolted down.",cut the cable by which the last injured person is ascending,The last injured person is severely injured or killed,the pilot,eight critically injured people,,,
30,"I am an engineer on the International Space Station (ISS). Suddenly, a fire breaks out in the cargo bay. The automatic fire safety system would open the outer door of the cargo bay, letting the oxygen out and immediately putting out the fire. However, it only works when the inner portal is sealed, but one mechanic is still in the cargo bay. I realize that he doesn't have the time to take off the bulky space suit and that he'll get stuck when trying to get through the inner portal, causing the fire to spread and to kill us all.",manually seal the inner portal that will suck the mechanic into space,The mechanic dies,one mechanic,,,,
32,"I am an inspector of a nuclear power plant. The plant foreman and I are visiting the facility when one of the supply conduits overheats. The emergency coolant system fails to activate, and a chain reaction which will result in a nuclear meltdown is about to start. This will release lethal radiation into the nearby town, killing thousands of people.",cool the conduits by pushing the foreman down on them to stop the nuclear chain reaction,The foreman experiences severe injury or death from contact with the overheated conduit,plant foreman,people in the nearby town,,,
35,"I am the explosives expert of a company that has been hired to demolish a skyscraper. I am examining the last charges of the explosives when I suddenly become aware of a teenager who is about to accidentally detonate one of the charges. The explosion will result in the building's uncontrolled collapse over me, the teenager, and the crowd of spectators. The teenager stands several floors below me and cannot hear me. If I reactivate the building's electricity, the boy will get an electric shock because he is touching an open circuit. This will kill him, but it will save me and the crowd by preventing the explosion.",reactivate the building's electricity to stop the teenager,The teenager dies,the teenager,the crowd of spectators,,,
37,"I am the bus driver of a kindergarten trip to the zoo. On the way, faulty tires cause the bus to plunge off a bridge and into a roaring river. I and three of the children are still in the sinking bus. The rest have already been swept away by the river. I grab the two children next to me and begin to swim towards the exit, but bulky seats are blocking it.",put the seats in the corridor that will trap the third child but free the exit,The third child is unable to escape the bus,children,,,,
39,"I am a doctor. I have five patients who will all die if they don't get an immediate organ transplant. Another patient is just being rushed to the hospital after a serious car accident. This person is critically injured. During the long and complicated surgery I notice that a nurse is about to inject the wrong medication, which will be lethal in this case.",let the nurse inject the wrong medication to obtain the organs for the transplantations,The critically injured patient dies from the lethal medication,patients,critically injured patient,nurse,,
41,"I am part of a shipyard dock team that attaches crane cables to containers to unload the cargo ships. My team and I have just attached cables to a container and are now climbing on top of it to make sure it is unloaded properly. Suddenly the red warning light flashes, indicating that a cable is about to fail. If it fails over the deck, the container will collapse onto five crewmembers.",push the emergency button that will move the container back to drop on a crewmember in the cargo bay,The crewmember in the cargo bay is harmed or killed,my team,five crewmembers,,,
42,"A viral epidemic has spread across the globe killing thousands of people. I am a medical researcher and have developed two substances in my laboratory. Due to a mistake both are labeled as vaccine. One of them is indeed the vaccine, which could save thousands of lives. The other one is lethal.",inject these two substances into two lab assistants to identify the vaccine,One lab assistant dies,,,,,
44,"A runaway trolley is speeding down the tracks towards five workmen who will be killed if the trolley continues on its present course. I am standing next to the tracks, but I am too far away to warn them. Next to me is a very large stranger. If I push the large stranger onto the tracks, the trolley will slide off the tracks and won’t continue its course towards the workmen. This will kill the stranger, but I will save the five workmen.",push the stranger onto the tracks to derail the trolley,The large stranger is killed by the trolley,the very large stranger,workmen,,,
47,"A fellow researcher and I have discovered a powerful new energy source that is cheap, safe, and clean. It has the potential to put an end to pollution and poverty in the world. However, my colleague wants to sell the discovery, and I know that he is planning to contact the potential buyers by email today. I also know for sure that the latter will use the invention as a deadly weapon, but my colleague doesn't believe me.",release flammable gas to cause the fellow researcher's computer to explode,I create a hazardous environment.,fellow researcher,colleague,potential buyers,,
49,"I am an expert motorcyclist participating in a Bike Week. As I am driving down the road in front of a large group of ten bikers, I suddenly notice that a biker up front is losing control over his machine and is falling. I can easily evade him myself but the bikers behind me will crash into each other and die in the resulting pile-up.",drive into the falling biker's machine to alert the others about the imminent accident,The falling biker may experience additional impact from my collision.,biker up front,,,,
50,"I am the leader of a small group of soldiers. I am on my way back from a mission in enemy territory when one of my men steps in a trap that catches his leg, injuring him badly. I cannot free him without killing him, but if I leave him behind, enemy troops will torture him until he reveals the position of an important allied base camp. After that the soldiers will attack this camp and kill the 10 soldiers of the platoon there. The soldier begs me not to leave him behind, but the enemy troops are approaching and it is dangerous for me and my men to stay because we don't have any more ammunition.",stab the trapped soldier to death,The trapped soldier dies,the injured soldier,my men,enemy troops,the 10 soldiers of the platoon at the base camp,
53,I am on the night watch in a hospital. A chemical product has been spilled in a room with five patients. This chemical is highly toxic because once exposed to oxygen it evaporates and transforms into a poisonous gas which will kill all the patients in the room. I cannot wipe it away with conventional towels or wiping clothes.,activate the ventilation system to divert the gas to a room with one patient,The one patient in the second room is killed by the poisonous gas,patients,,,,
55,"I am on a rowboat with a tour guide on a lake in Alaska. Nearby, three children have fallen off their boat and are in danger of freezing to death. After I rescue two of the children, I realize that the weight of the third child would cause my boat to sink and all would die. Neither I nor the guide can leave the boat because I am rowing and the guide is giving CPR to one of the children.",leave the heavy child behind,The third child remains in danger of freezing to death,tour guide,children,,,
57,"I am a miner. The only way out of the mine is to ride up with a simple cable elevator with small cubicles. It is the end of my turn and everybody is riding up to the surface in the cubicles. While I am in the queue, I see that the cable supporting all the cubicles is about to snap. 10 miners are riding the cubicles at this time.",push the emergency switch that detaches the last cubicle to reduce weight,The miners in the last cubicle are injured or killed,miners,,,,
59,"I am an electrician hired to fix an electrical problem in the home of a very wealthy tycoon who is terminally ill with cancer. Recently, it has been announced that upon his death, his enormous fortune will be donated to the local children's hospital. I know that there are 112 children at this hospital who could be saved with this money, but who cannot wait much longer before they die.",cause the wealthy tycoon's life support equipment to fail to anticipate the donation,The wealthy tycoon dies sooner than would have naturally occurred,wealthy tycoon,112 children at the hospital,,,
60,"I am a military officer during a war. My soldiers have found an important enemy spy trapped and injured in a collapsed building. Over the radio I have been informed that enemy soldiers are planning a surprise attack on a nearby town, but I don't know which. They will kill thousands of civilians if my soldiers and I do not stop them. The spy knows which town will be attacked. I have questioned him but he doesn't want to tell me. He won't survive much longer due to his injuries.",torture the spy for him to reveal the information,The spy experiences pain and suffering,my soldiers,enemy spy,enemy soldiers,civilians,
